Country,GDP_Per_Capita,AI_Score,Labor_Cost_Norm,AI_Score_Norm,Income_Group,Efficiency_Index,Strategy_Label
Afghanistan,413.757894705303,21.27,0.0016112080813631552,0.2594851775039649,Low Income,0.2578739694226017,0
Angola,2916.13663284275,29.14,0.01135568159380225,0.3554959131389533,Lower-Mid,0.34414023154515105,0
Albania,9730.86921906893,43.26,0.037892824100960634,0.5277540563620837,Upper-Mid,0.4898612322611231,0
Andorra,46812.4261013102,46.25,0.1822915289540693,0.5642308161522508,High Income,0.3819392871981815,0
United Arab Emirates,49850.6872175164,70.42,0.19412277356925545,0.8590947907771136,High Income,0.6649720172078581,0
Argentina,14261.8465667948,57.72,0.05553683141187599,0.704160058558009,Upper-Mid,0.648623227146133,0
Armenia,8159.08720967996,45.22,0.03177217260868526,0.5516652433817251,Upper-Mid,0.5198930707730398,0
Antigua and Barbuda,21494.5474000727,39.41,0.08370157746695597,0.48078565328778816,Upper-Mid,0.39708407582083216,0
Australia,65058.3773146674,73.89,0.2533427993305719,0.90142735147005,High Income,0.6480845521394781,0
Austria,56579.504175468,72.37,0.2203253533856161,0.8828839819446139,High Income,0.6625586285589978,0
Azerbaijan,7133.02838048328,48.15,0.027776613131244503,0.587410028059046,Lower-Mid,0.5596334149278015,0
Burundi,250.627253097255,20.87,0.0009759636269605433,0.2546053434183238,Low Income,0.25362937979136324,0
Belgium,55291.4754541329,67.28,0.21530966108971183,0.820788093204831,High Income,0.6054784321151192,0
Benin,1394.17784721831,41.37,0.005429045930097723,0.5046968403074296,Low Income,0.4992677943773318,0
Burkina Faso,873.482589651003,27.5,0.003401414753374312,0.33548859338782483,Low Income,0.33208717863445053,0
Bangladesh,2551.01773827307,46.04,0.009933877874484576,0.5616689032572892,Low Income,0.5517350253828046,0
Bulgaria,15853.208636704,58.64,0.061733729308503946,0.7153836769549835,Upper-Mid,0.6536499476464795,0
Bahrain,29290.1284215098,56.13,0.11405822637055382,0.6847627180675857,High Income,0.5707044916970319,0
Bosnia and Herzegovina,8663.02326458629,36.49,0.03373454203908284,0.4451628644626083,Upper-Mid,0.41142832242352545,0
Belarus,7896.75388295584,39.2,0.030750624545342976,0.47822374039282667,Upper-Mid,0.44747311584748367,0
Belize,7424.75821321022,34.24,0.028912633664216203,0.4177137977308772,Upper-Mid,0.388801164066661,0
Brazil,10377.5897719195,63.7,0.04041120838914115,0.7771135781383434,Upper-Mid,0.7367023697492022,0
Barbados,25583.878782727,40.13,0.0996257782022613,0.48956935464194223,High Income,0.3899435764396809,0
Brunei Darussalam,32890.5491812019,48.1,0.12807856797262848,0.5868000487983409,High Income,0.4587214808257124,0
Bhutan,3831.32535494609,36.88,0.014919503538699684,0.44992070269610834,Lower-Mid,0.43500119915740865,0
Botswana,7826.35376483298,38.84,0.030476480557518257,0.4738318897157497,Upper-Mid,0.4433554091582314,0
Central African Republic,495.978897288721,19.74,0.001931383588623358,0.2408198121263877,Low Income,0.23888842853776435,0
Canada,54220.3285039875,77.07,0.2111385246727717,0.9402220324508966,High Income,0.7290835077781249,0
Switzerland,100623.549627296,68.57,0.3918365749864879,0.8365255581310235,High Income,0.4446889831445356,0
Chile,17067.0364799154,61.95,0.06646047713710738,0.7557643040136636,Upper-Mid,0.6893038268765562,0
China,12951.1782397043,70.94,0.050432978584852524,0.865438575088447,Upper-Mid,0.8150055965035945,0
Cameroon,1720.47510154506,30.27,0.006699674913436685,0.36928144443088934,Low Income,0.36258176951745263,0
Colombia,7000.83660501046,57.85,0.027261847226697226,0.7057460046358424,Lower-Mid,0.6784841574091451,0
Comoros,1560.27378476855,22.62,0.006075837496584071,0.27595461754300354,Low Income,0.26987878004641946,0
Cabo Verde,4794.90121917259,36.3,0.018671749089335034,0.44284494327192875,Lower-Mid,0.4241731941825937,0
Costa Rica,16942.0268119375,49.12,0.06597367896389554,0.5992436257167256,Upper-Mid,0.5332699467528301,0
Cyprus,36623.69140625,60.84,0.14261573813625664,0.7422227644260095,High Income,0.5996070262897529,0
Czechia,31761.5944102491,65.17,0.12368232303391088,0.7950469684030743,High Income,0.6713646453691634,0
Germany,54776.7668235491,75.26,0.21330534234255016,0.9181407832133708,High Income,0.7048354408708206,0
Djibouti,3381.29779710722,29.95,0.013167058335104107,0.36537757716237645,Lower-Mid,0.35221051882727233,0
Dominica,9912.96212766668,34.82,0.03860190921968829,0.42478955715505673,Upper-Mid,0.3861876479353684,0
Denmark,68043.5466971243,73.91,0.2649673002640904,0.9016713431743321,High Income,0.6367040429102417,0
Dominican Republic,10630.431743829,50.71,0.04139579631764107,0.6186409662071489,Upper-Mid,0.5772451698895078,0
Algeria,5370.477235078,35.99,0.020913090560115,0.43906307185555693,Lower-Mid,0.41814998129544195,0
Ecuador,6737.84748379638,40.84,0.026237745444391614,0.49823106014395513,Lower-Mid,0.4719933146995635,0
"Egypt, Arab Rep.",3456.78968456253,52.69,0.013461030101448253,0.6427961449310723,Lower-Mid,0.629335114829624,0
Spain,33493.2225409111,67.47,0.13042542878184002,0.8231060143955106,High Income,0.6926805856136705,0
Estonia,30264.0064885057,70.86,0.11785058956624275,0.8644626082713188,High Income,0.7466120187050761,0
Ethiopia,1055.81091592527,32.59,0.0041114166083570484,0.3975844821276077,Low Income,0.39347306551925065,0
Finland,52834.2916752703,77.37,0.2057411805542101,0.9438819080151275,High Income,0.7381407274609174,0
Fiji,5926.20586394763,41.57,0.02307714463458131,0.5071367573502501,Lower-Mid,0.4840596127156688,0
France,44700.1384177544,76.07,0.17406610285474866,0.9280224472367938,High Income,0.7539563443820452,0
Gabon,7802.82433276138,33.09,0.03038485496779833,0.40368427473465907,Upper-Mid,0.37329941976686076,0
Georgia,8283.66960652261,41.27,0.03225730695211921,0.5034768817860193,Upper-Mid,0.47121957483390015,0
Ghana,2383.90410483418,32.58,0.009283123314515456,0.3974624862754666,Low Income,0.3881793629609511,0
Guinea,1555.49375806861,27.44,0.006057223670125097,0.33475661827497866,Low Income,0.32869939460485353,0
Equatorial Guinea,6677.793435386,28.04,0.026003889923190512,0.3420763694034403,Lower-Mid,0.31607247948024975,0
Greece,23343.7103964562,57.95,0.09090237387871473,0.7069659631572527,High Income,0.616063589278538,0
Grenada,11414.4781691181,34.63,0.04444893911625629,0.42247163596437726,Upper-Mid,0.37802269684812095,0
Guatemala,5758.32760847852,35.76,0.02242341257204355,0.43625716725631325,Lower-Mid,0.4138337546842697,0
Guyana,20473.7002190617,36.79,0.07972631258638319,0.4488227400268391,Upper-Mid,0.3690964274404559,0
Honduras,3227.45762509776,32.63,0.012567991751597625,0.3980724655361718,Lower-Mid,0.3855044737845742,0
Croatia,22184.2279304842,49.34,0.08638725152508916,0.6019275344638283,Upper-Mid,0.5155402829387391,0
Haiti,1705.75808460999,21.97,0.006642365610284337,0.26802488715383677,Low Income,0.2613825215435524,0
Hungary,22230.6277875187,60.66,0.08656793647535779,0.740026839087471,Upper-Mid,0.6534589026121133,0
Indonesia,4876.30774512252,61.03,0.0189887529560036,0.7445406856166891,Lower-Mid,0.7255519326606855,0
India,2530.12031278204,62.58,0.009852501540010493,0.7634500426985482,Low Income,0.7535975411585377,0
Ireland,106818.917130804,69.82,0.4159618577095557,0.8517750396486519,High Income,0.4358131819390962,0
Iraq,5965.31835077761,33.4,0.023229451951659954,0.40746614615103083,Lower-Mid,0.3842366941993709,0
Iceland,82138.7892973557,69.59,0.3198553618017255,0.8489691350494084,High Income,0.5291137732476829,0
Israel,52003.7200729997,65.46,0.20250686479890037,0.7985848481151641,High Income,0.5960779833162637,0
Italy,39277.0838783918,67.63,0.15294827184461765,0.825057948029767,High Income,0.6721096761851493,0
Jamaica,7542.40084275345,41.32,0.0293707439694416,0.5040868610467244,Upper-Mid,0.4747161170772828,0
Jordan,4466.08314208575,56.85,0.017391303809909123,0.6935464194217397,Lower-Mid,0.6761551156118305,0
Japan,33836.1756271617,75.08,0.13176091697715037,0.9159448578748323,High Income,0.7841839408976818,0
Kazakhstan,12879.4275257974,48.56,0.05015357526332143,0.5924118579968282,Upper-Mid,0.5422582827335067,0
Kenya,1942.58802756191,40.19,0.007564601349773221,0.4903013297547883,Low Income,0.4827367284050151,0
Cambodia,2429.74853452838,31.88,0.00946164538395268,0.3889227766255947,Low Income,0.37946113124164205,0
Kiribati,2177.70125812262,27.4,0.00848015206665954,0.3342686348664145,Low Income,0.325788482799755,0
Kuwait,34075.849012909,49.86,0.13269422532230898,0.6082713187751616,High Income,0.4755770934528526,0
Lebanon,3477.72489842684,47.62,0.013542553587029759,0.5809442478955715,Lower-Mid,0.5674016943085418,0
Liberia,799.194470229642,22.24,0.0031121305611144416,0.2713187751616445,Low Income,0.26820664460053006,0
Libya,6026.51518708812,25.31,0.023467757585169568,0.30877150176893986,Lower-Mid,0.2853037441837703,0
Liechtenstein,206780.590353385,52.63,0.8052210302445448,0.6420641698182262,High Income,-0.1631568604263186,1
Sri Lanka,3798.89016573011,41.89,0.014793198180774,0.511040624618763,Lower-Mid,0.49624742643798897,0
Lesotho,916.282976983803,26.21,0.0035680830655407717,0.31975112846163234,Low Income,0.31618304539609154,0
Lithuania,27786.0057829276,63.33,0.10820104616527701,0.7725997316091253,High Income,0.6643986854438483,0
Luxembourg,133230.619178899,69.41,0.5188112494118117,0.8467732097108698,High Income,0.3279619602990581,0
Latvia,22710.2637544197,60.3,0.08843567931693846,0.735634988410394,Upper-Mid,0.6471993090934556,0
Morocco,3813.72607421875,43.34,0.014850970457646898,0.5287300231792119,Lower-Mid,0.513879052721565,0
Monaco,256799.788612806,50.5,1.0,0.6160790533121874,High Income,-0.3839209466878126,1
Madagascar,508.718427705591,28.47,0.0019809923927648528,0.34732219104550444,Low Income,0.3453411986527396,0
Maldives,12587.6126038651,31.71,0.04901722338581935,0.38684884713919726,Upper-Mid,0.33783162375337794,0
Mexico,13860.9597809326,50.37,0.0539757445121253,0.614493107234354,Upper-Mid,0.5605173627222287,0
Marshall Islands,6793.24495895856,35.7,0.026453467877269883,0.4355251921434672,Lower-Mid,0.4090717242661973,0
North Macedonia,8674.35846327485,45.4,0.03377868225722628,0.5538611687202635,Upper-Mid,0.5200824864630372,0
Mali,1043.9533853528,27.45,0.004065242385876094,0.33487861412711967,Low Income,0.3308133717412436,0
Malta,40905.8059585057,63.64,0.15929065276678278,0.7763816030254972,High Income,0.6170909502587144,0
Myanmar,1233.19666209269,30.91,0.00480217164022694,0.3770891789679151,Low Income,0.37228700732768816,0
Montenegro,12259.8775034436,47.15,0.047740995308717435,0.5752104428449433,Upper-Mid,0.5274694475362258,0
Mongolia,5838.63108083902,38.99,0.022736121055155187,0.4756618274978651,Lower-Mid,0.4529257064427099,0
Mozambique,622.000297682823,25.62,0.0024221215330541175,0.31255337318531173,Low Income,0.31013125165225763,0
Mauritania,2135.78187606359,27.09,0.008316914463211842,0.3304867634500427,Low Income,0.3221698489868308,0
Mauritius,11269.9684462139,53.27,0.04388620608721129,0.649871904355252,Upper-Mid,0.6059856982680407,0
Malawi,633.214767978695,24.87,0.002465791624670824,0.3034036842747347,Low Income,0.3009378926500639,0
Malaysia,11386.0395636528,68.71,0.04433819679197744,0.8382335000609978,Upper-Mid,0.7938953032690204,0
Namibia,4187.60500396525,35.37,0.016306886491558523,0.4314993290228132,Lower-Mid,0.41519244253125465,0
Niger,638.336080897887,24.71,0.0024857344484046614,0.30145175064047824,Low Income,0.2989660161920736,0
Nigeria,2138.76383719983,39.88,0.00832852647096445,0.48651945833841653,Low Income,0.4781909318674521,0
Nicaragua,2609.44492072931,29.77,0.010161398242674344,0.363181651823838,Low Income,0.3530202535811636,0
Netherlands,63515.6030780019,74.47,0.24733510654780394,0.9085031108942296,High Income,0.6611680043464256,0
Norway,87497.2179649556,72.71,0.34072153422556334,0.8870318409174087,High Income,0.5463103066918453,0
Nepal,1382.33055769304,30.77,0.005382911587116884,0.3753812370379407,Low Income,0.3699983254508238,0
Nauru,12752.4723855838,46.75,0.049659201257410475,0.5703306087593022,Upper-Mid,0.5206714075018917,0
New Zealand,49075.9562832927,60.18,0.19110590607723496,0.7341710381847018,High Income,0.5430651321074668,0
Oman,21027.7384778886,58.94,0.08188378421757002,0.7190435525192144,Upper-Mid,0.6371597683016443,0
Pakistan,1360.32417758419,42.2,0.005297216889984441,0.5148224960351349,Low Income,0.5095252791451504,0
Panama,18797.1933994045,43.91,0.07319785386484982,0.5356837867512504,Upper-Mid,0.46248593288640055,0
Peru,7887.54185920108,54.87,0.030714752149168034,0.6693912406978163,Upper-Mid,0.6386764885486482,0
Philippines,3804.08274131097,51.98,0.014813418507312857,0.6341344394290593,Lower-Mid,0.6193210209217465,0
Papua New Guinea,2966.06830432055,30.41,0.011550119726900114,0.37098938636086376,Lower-Mid,0.35943926663396364,0
Poland,22145.2660647429,63.1,0.08623553073921249,0.7697938270098816,Upper-Mid,0.6835582962706691,0
Portugal,27634.6183139773,68.28,0.10761153061400622,0.8329876784189337,High Income,0.7253761478049275,0
Paraguay,6299.99026533713,36.85,0.024532692567111266,0.44955471513968526,Lower-Mid,0.425022022572574,0
Qatar,81816.9797967481,63.59,0.31860220850924825,0.775771623764792,High Income,0.4571694152555438,0
Romania,18244.4186876321,52.32,0.07104530259228685,0.6382822984018544,Upper-Mid,0.5672369958095675,0
Russian Federation,14159.3876953125,62.92,0.05513784793904774,0.7675979016713432,Upper-Mid,0.7124600537322955,0
Rwanda,1027.03446826565,45.39,0.003999358698126414,0.5537391728681225,Low Income,0.5497398141699961,0
Saudi Arabia,36156.848337701,67.04,0.14079781191805055,0.8178601927534465,High Income,0.6770623808353959,0
Sudan,797.283447265625,24.51,0.0031046888767799646,0.2990118335976577,Low Income,0.29590714472087776,0
Senegal,1698.03387300843,42.58,0.006612286879911213,0.5194583384164938,Low Income,0.5128460515365826,0
Singapore,85412.230345235,81.97,0.332602416873546,1.0,High Income,0.667397583126454,0
Solomon Islands,1882.64394148042,29.09,0.0073311740311399025,0.3548859338782481,Low Income,0.3475547598471082,0
Sierra Leone,758.329137378248,24.83,0.002952997514034682,0.30291570086617053,Low Income,0.2999627033521359,0
El Salvador,5365.44491399171,32.58,0.020893494278071797,0.3974624862754666,Lower-Mid,0.3765689919973948,0
San Marino,59879.7173015651,48.08,0.2331766611842882,0.5865560570940588,High Income,0.3533793959097706,0
Serbia,12281.707946167,55.57,0.047826004890856595,0.6779309503476882,Upper-Mid,0.6301049454568316,0
Sao Tome and Principe,2990.6606143535,26.86,0.01164588425289834,0.32768085885079906,Lower-Mid,0.3160349745979007,0
Suriname,5521.97602122638,35.52,0.021503039589928274,0.43332926680492867,Lower-Mid,0.4118262272150004,0
Slovak Republic,24614.8734642794,60.73,0.09585238989971627,0.7408808100524582,High Income,0.645028420152742,0
Slovenia,32660.4753581346,62.63,0.12718264113285138,0.7640600219592534,High Income,0.636877380826402,0
Sweden,54950.2834725622,72.55,0.21398103078431413,0.8850799072831523,High Income,0.6710988764988381,0
Eswatini,3755.52111232464,27.05,0.014624315435037553,0.3299987800414786,Lower-Mid,0.31537446460644103,0
Seychelles,18262.7115849287,38.11,0.07111653667466447,0.46492619250945466,Upper-Mid,0.3938096558347902,0
Chad,949.333453674592,23.44,0.0036967844047020018,0.2859582774185678,Low Income,0.28226149301386577,0
Togo,1055.01727877926,29.69,0.004108326118484386,0.3622056850067098,Low Income,0.3580973588882254,0
Thailand,7195.10130919449,63.03,0.02801833034233147,0.7689398560448945,Lower-Mid,0.740921525702563,0
Tajikistan,1178.47990060249,38.78,0.00458909996370504,0.4730999146029035,Low Income,0.46851081463919847,0
Turkmenistan,6231.91323839698,31.17,0.02426759489196172,0.3802610711235818,Lower-Mid,0.3559934762316201,0
Timor-Leste,1502.41147438211,29.77,0.005850516787797653,0.363181651823838,Low Income,0.35733113503604036,0
Tonga,5651.59373063157,39.01,0.022007781864465826,0.4759058192021471,Lower-Mid,0.45389803733768125,0
Trinidad and Tobago,18308.4536298575,39.44,0.07129466004920419,0.48115164084421125,Upper-Mid,0.40985698079500704,0
Tunisia,3951.11683376921,46.07,0.0153859816439591,0.5620348908137124,Lower-Mid,0.5466489091697533,0
Tuvalu,6344.7750188689,37.45,0.02470708816834478,0.45687446626814693,Lower-Mid,0.43216737809980216,0
Uganda,1002.30913917142,33.44,0.0039030761847030477,0.4079541295595949,Low Income,0.4040510533748919,0
Ukraine,5139.59814453125,53.29,0.020014027940967512,0.650115896059534,Lower-Mid,0.6301018681185665,0
Uruguay,23019.4221560046,60.57,0.08963956816456925,0.7389288764182018,Upper-Mid,0.6492893082536326,0
Uzbekistan,2878.96879292451,43.79,0.01121094689554173,0.5342198365255582,Lower-Mid,0.5230088896300165,0
Viet Nam,4323.35031982451,54.48,0.01683549018158699,0.6646334024643162,Lower-Mid,0.6477979122827292,0
Vanuatu,3482.61458237637,31.91,0.013561594428052033,0.3892887641820178,Lower-Mid,0.37572716975396575,0
Samoa,4822.74084650019,31.66,0.018780158942310325,0.38623886787849215,Lower-Mid,0.3674587089361818,0
South Africa,6034.27208964673,47.28,0.0234979636168821,0.5767963889227766,Lower-Mid,0.5532984253058946,0
Zambia,1330.72780576709,32.36,0.00518196612604505,0.39477857752836404,Low Income,0.389596611402319,0
Zimbabwe,2195.22492079245,30.71,0.008548390684629167,0.37464926192509457,Low Income,0.3661008712404654,0
