,,,Pillars,,,,Dimensions,,,,,,,,,
Country,Total score,,Government,Technology Sector,Data and Infrastructure,,Vision,Governance and Ethics,Digital Capacity,Adaptability,Maturity,Innovation Capacity,Human Capital,Infrastructure,Data Availability,Data Representativeness
Afghanistan,21.27,,13.99,21.71,28.11,,0.00,8.96,34.60,12.40,6.67,51.61,6.84,39.56,25.52,19.26
Albania,43.26,,42.53,31.97,55.28,,0.00,54.06,61.65,54.40,17.95,35.84,42.13,24.89,67.44,73.53
Algeria,35.99,,30.10,30.56,47.30,,0.00,38.55,45.10,36.74,11.29,42.41,37.99,27.82,49.59,64.51
Andorra,46.25,,38.82,35.04,64.90,,0.00,55.28,38.85,61.14,37.88,47.76,19.49,41.33,65.51,87.87
Angola,29.14,,22.55,18.51,46.37,,0.00,36.96,33.03,20.21,10.43,23.16,21.93,33.97,33.27,71.86
Antigua and Barbuda,39.41,,33.33,27.56,57.34,,0.00,47.16,41.91,44.24,25.66,27.00,30.03,31.90,56.99,83.13
Argentina,57.72,,70.31,35.27,67.59,,100.00,69.38,63.78,48.08,25.46,36.81,43.54,55.06,75.75,71.96
Armenia,45.22,,43.50,33.58,58.57,,0.00,50.37,66.48,57.13,23.72,36.75,40.27,52.37,54.46,68.88
Australia,73.89,,83.34,52.57,85.75,,100.00,92.33,76.20,64.84,35.46,57.81,64.44,71.33,87.91,98.02
Austria,72.37,,77.69,56.43,82.98,,100.00,69.54,77.05,64.19,45.57,63.19,60.52,65.37,85.06,98.50
Azerbaijan,48.15,,55.86,30.77,57.82,,50.00,51.70,66.55,55.20,14.27,42.82,35.23,55.04,49.37,69.05
Bahamas,42.14,,34.49,31.43,60.51,,0.00,45.55,51.65,40.77,26.08,27.00,41.20,35.89,56.09,89.53
Bahrain,56.13,,57.96,39.24,71.19,,50.00,53.77,73.38,54.71,30.03,42.64,45.06,57.41,73.49,82.66
Bangladesh,46.04,,57.96,26.07,54.10,,100.00,29.53,63.92,38.38,11.35,41.81,25.05,41.63,58.03,62.66
Barbados,40.13,,33.53,32.87,54.00,,0.00,39.82,43.10,51.20,26.86,29.06,42.69,34.58,54.76,72.67
Belarus,39.20,,30.95,32.28,54.38,,0.00,38.27,48.45,37.08,21.88,35.11,39.84,33.73,62.31,67.12
Belgium,67.28,,73.09,56.02,72.74,,100.00,69.41,64.87,58.10,46.03,64.59,57.44,61.92,70.67,85.64
Belize,34.24,,23.44,29.09,50.19,,0.00,22.42,36.26,35.10,21.75,28.27,37.25,23.68,52.77,74.13
Benin,41.37,,61.38,24.46,38.27,,100.00,53.21,50.10,42.21,8.86,34.06,30.46,18.03,31.69,65.10
Bhutan,36.88,,36.81,24.31,49.52,,0.00,42.79,59.47,44.98,15.33,28.41,29.18,25.78,61.51,61.28
Bolivia (Plurinational State of),35.25,,28.47,26.66,50.63,,0.00,37.59,41.46,34.82,16.34,29.51,34.12,24.11,61.83,65.95
Bosnia and Herzegovina,36.49,,27.92,31.68,49.86,,0.00,43.93,33.30,34.46,19.13,33.74,42.17,28.35,50.78,70.47
Botswana,38.84,,34.82,29.20,52.50,,0.00,54.89,37.47,46.92,17.19,37.95,32.46,45.59,45.59,66.32
Brazil,63.70,,72.44,45.08,73.57,,100.00,69.28,72.03,48.47,34.01,49.71,51.52,62.37,71.01,87.33
Brunei Darussalam,48.10,,39.57,41.86,62.87,,0.00,32.21,61.41,64.64,30.31,41.44,53.82,46.08,61.95,80.59
Bulgaria,58.64,,66.04,38.17,71.73,,100.00,55.92,62.25,46.01,26.54,47.17,40.79,61.19,75.99,78.00
Burkina Faso,27.50,,27.04,18.20,37.26,,0.00,43.60,37.93,26.62,7.56,30.28,16.75,14.33,43.88,53.56
Burundi,20.87,,18.44,16.21,27.96,,0.00,10.99,32.12,30.67,4.66,30.09,13.89,13.33,25.91,44.64
Cabo Verde,36.30,,36.68,27.24,44.98,,0.00,48.35,55.67,42.71,20.45,30.44,30.81,23.53,40.43,70.99
Cambodia,31.88,,27.93,22.53,45.17,,0.00,35.74,47.68,28.30,12.95,32.54,22.10,24.96,41.13,69.41
Cameroon,30.27,,30.91,22.07,37.84,,0.00,40.93,36.96,45.75,10.57,32.62,23.02,20.93,28.74,63.84
Canada,77.07,,85.30,64.73,81.17,,100.00,91.97,78.70,70.54,52.78,74.14,67.27,72.79,78.36,92.37
Central African Republic,19.74,,13.51,17.64,28.06,,0.00,9.93,17.43,26.69,5.83,28.73,18.37,12.73,19.10,52.34
Chad,23.44,,21.10,16.65,32.56,,0.00,37.57,21.23,25.62,6.80,26.49,16.66,30.13,22.91,44.64
Chile,61.95,,74.56,40.91,70.38,,100.00,71.57,66.02,60.66,34.72,38.56,49.44,58.97,74.71,77.46
China,70.94,,77.32,60.76,74.75,,100.00,70.39,82.29,56.60,57.25,70.08,54.95,76.89,60.24,87.13
Colombia,57.85,,74.98,35.28,63.30,,100.00,73.98,67.73,58.20,21.29,38.27,46.27,49.83,62.65,77.42
Comoros,22.62,,15.87,20.66,31.33,,0.00,12.46,21.58,29.43,12.37,30.02,19.58,18.97,31.46,43.57
Congo,24.19,,22.50,19.68,30.40,,0.00,30.88,27.61,31.50,12.29,31.32,15.44,16.71,23.38,51.10
Costa Rica,49.12,,53.41,33.20,60.76,,50.00,60.05,56.17,47.42,27.94,37.28,34.39,33.77,70.21,78.30
C™te D'Ivoire,32.78,,34.33,20.28,43.73,,0.00,61.28,43.80,32.25,10.88,29.32,20.66,24.43,45.05,61.70
Croatia,49.34,,42.25,39.35,66.42,,0.00,62.95,60.88,45.18,26.43,43.57,48.04,55.80,57.89,85.59
Cuba,35.52,,35.32,27.09,44.15,,50.00,20.87,26.74,43.69,21.54,35.67,24.05,20.79,40.12,71.54
Cyprus,60.84,,69.39,42.04,71.09,,100.00,64.24,59.01,54.32,32.47,51.42,42.22,57.72,64.58,90.98
Czechia,65.17,,72.25,47.72,75.55,,100.00,64.59,66.76,57.63,35.54,53.42,54.20,66.05,79.84,80.74
Democratic People's Republic of Korea,9.20,,8.03,14.27,5.29,,0.00,3.29,8.05,20.80,0.00,19.52,23.29,1.69,8.88,N/A
Democratic Republic of the Congo,21.47,,18.36,16.39,29.66,,0.00,30.42,22.16,20.87,2.47,31.31,15.39,9.33,21.44,58.20
Denmark,73.91,,84.11,59.98,77.65,,100.00,92.24,73.69,70.49,43.16,69.18,67.59,69.35,75.72,87.89
Djibouti,29.95,,19.43,29.50,40.92,,0.00,11.59,32.47,33.65,21.41,34.40,32.69,21.28,32.12,69.35
Dominica,34.82,,27.97,24.51,51.97,,0.00,35.36,31.15,45.36,21.36,28.27,23.91,31.13,50.99,73.81
Dominican Republic,50.71,,68.07,25.34,58.73,,100.00,56.53,59.23,56.52,14.79,28.88,32.35,47.71,56.72,71.75
Ecuador,40.84,,36.13,27.82,58.57,,0.00,43.54,61.74,39.24,19.77,34.89,28.79,45.40,56.83,73.48
Egypt,52.69,,68.19,40.11,49.77,,100.00,70.46,61.12,41.20,19.21,49.87,51.25,29.24,43.80,76.28
El Salvador,32.58,,23.70,26.31,47.72,,0.00,29.34,42.13,23.33,18.76,31.20,28.96,25.34,49.28,68.55
Equatorial Guinea,28.04,,19.94,26.19,37.99,,0.00,27.65,19.44,32.68,17.97,34.12,26.48,18.39,25.21,70.37
Eritrea,19.62,,9.73,19.49,29.65,,0.00,3.35,9.03,26.56,7.44,30.03,21.01,12.74,20.94,55.26
Estonia,70.86,,80.54,52.52,79.54,,100.00,70.94,80.95,70.26,35.38,70.79,51.40,61.94,86.20,90.47
Eswatini,27.05,,23.80,18.21,39.15,,0.00,25.85,34.60,34.75,13.30,30.49,10.85,18.22,33.69,65.53
Ethiopia,32.59,,37.29,20.35,40.11,,50.00,27.55,38.37,33.25,6.06,35.40,19.60,34.86,26.29,59.19
Fiji,41.57,,37.78,35.12,51.80,,0.00,24.98,64.60,61.54,23.29,48.72,33.37,31.83,51.83,71.75
Finland,77.37,,88.34,60.36,83.39,,100.00,92.68,84.34,76.36,44.04,73.43,63.61,73.50,81.79,94.89
France,76.07,,84.03,60.40,83.80,,100.00,88.72,84.92,62.46,51.04,65.88,64.28,78.37,79.00,94.04
Gabon,33.09,,25.12,27.67,46.47,,0.00,35.96,31.79,32.74,17.68,36.72,28.61,27.94,38.56,72.92
Gambia (Republic of The),30.25,,25.13,20.81,44.81,,0.00,43.42,26.14,30.97,5.05,29.93,27.43,43.20,37.30,53.94
Georgia,41.27,,41.96,30.33,51.50,,0.00,60.37,52.48,55.00,20.15,33.93,36.92,31.69,53.69,69.14
Germany,75.26,,80.78,63.28,81.72,,100.00,91.20,74.99,56.94,53.96,72.97,62.92,78.60,75.04,91.50
Ghana,32.58,,34.66,23.23,39.87,,0.00,58.18,48.36,32.09,8.32,42.41,18.95,25.30,37.40,56.91
Greece,57.95,,55.92,48.37,69.56,,50.00,64.44,60.41,48.83,36.42,46.93,61.75,52.55,72.95,83.18
Grenada,34.63,,27.77,25.48,50.65,,0.00,26.24,38.53,46.29,21.70,29.57,25.16,30.61,47.53,73.81
Guatemala,35.76,,29.55,24.94,52.78,,0.00,39.39,40.02,38.79,16.22,31.01,27.60,44.42,44.73,69.18
Guinea,27.44,,26.65,19.99,35.69,,0.00,35.63,33.87,37.11,7.29,33.45,19.21,20.67,28.06,58.36
Guinea Bissau,24.11,,15.31,18.81,38.22,,0.00,15.13,17.97,28.16,9.09,28.73,18.61,18.01,31.99,64.66
Guyana,36.79,,30.62,27.19,52.58,,0.00,44.26,40.70,37.50,17.74,29.06,34.76,29.23,41.17,87.33
Haiti,21.97,,8.92,22.89,34.10,,0.00,11.28,12.82,11.60,11.21,30.78,26.68,14.06,25.99,62.25
Honduras,32.63,,25.75,30.14,42.01,,0.00,36.52,25.83,40.65,17.86,40.97,31.59,15.77,42.50,67.75
Hungary,60.66,,69.96,42.20,69.82,,100.00,61.58,65.59,52.67,32.44,46.87,47.29,58.69,70.89,79.89
Iceland,69.59,,76.21,52.78,79.80,,100.00,66.88,73.20,64.75,34.34,71.25,52.75,65.55,83.71,90.13
India,62.58,,75.18,49.39,63.17,,100.00,79.50,69.45,51.76,33.35,62.92,51.90,51.72,61.75,76.04
Indonesia,61.03,,76.24,43.48,63.38,,100.00,70.38,72.50,62.09,27.87,52.02,50.56,51.95,59.43,78.77
Iran (Islamic Republic of),42.07,,31.56,38.77,55.88,,0.00,44.01,53.40,28.85,23.65,47.05,45.62,49.37,54.38,63.89
Iraq,33.40,,28.86,29.07,42.26,,50.00,25.62,19.80,20.00,17.02,55.60,14.58,17.34,47.41,62.04
Ireland,69.82,,71.51,56.96,81.00,,100.00,69.53,60.81,55.71,53.13,56.56,61.18,65.85,77.64,99.50
Israel,65.46,,53.68,66.29,76.42,,0.00,75.71,76.21,62.79,49.70,89.81,59.37,67.76,73.02,88.50
Italy,67.63,,76.61,50.98,75.29,,100.00,85.55,69.89,50.99,40.34,52.84,59.74,67.30,74.58,84.01
Jamaica,41.32,,48.01,28.41,47.53,,50.00,49.63,42.81,49.59,22.46,31.75,31.03,27.46,42.34,72.78
Japan,75.08,,82.76,56.85,85.61,,100.00,89.40,73.06,68.59,38.40,68.33,63.83,79.91,90.99,85.93
Jordan,56.85,,67.56,40.62,62.36,,100.00,61.67,64.17,44.41,21.40,51.57,48.89,48.15,63.42,75.51
Kazakhstan,48.56,,48.56,30.97,66.13,,0.00,54.31,75.68,64.26,16.73,37.80,38.39,50.80,74.95,72.65
Kenya,40.19,,40.03,28.95,51.58,,0.00,53.98,61.65,44.47,13.20,48.80,24.84,46.64,44.44,63.67
Kiribati,27.40,,25.74,16.64,39.83,,0.00,26.09,33.19,43.68,10.28,30.60,9.05,21.19,31.16,67.15
Kuwait,49.86,,38.14,40.58,70.85,,0.00,53.09,54.92,44.57,33.59,38.14,50.00,55.30,71.12,86.13
Kyrgyzstan,34.10,,33.53,22.86,45.90,,0.00,44.53,43.00,46.60,12.94,26.87,28.78,23.33,53.29,61.09
Lao People's Democratic Republic,33.05,,28.39,25.81,44.96,,0.00,33.47,38.34,41.76,18.02,34.61,24.79,22.52,42.22,70.14
Latvia,60.30,,72.07,38.57,70.27,,100.00,67.86,63.62,56.80,28.92,42.42,44.36,59.43,69.24,82.13
Lebanon,47.62,,50.56,36.99,55.31,,100.00,39.05,39.50,23.68,15.90,44.93,50.16,45.09,53.94,66.90
Lesotho,26.21,,25.41,20.46,32.75,,0.00,39.54,27.04,35.08,10.26,32.17,18.95,14.24,22.41,61.61
Liberia,22.24,,19.28,19.90,27.55,,0.00,17.94,29.65,29.53,7.44,32.21,20.06,13.17,15.61,53.87
Libya,25.31,,10.02,28.10,37.81,,0.00,11.84,12.75,15.50,18.16,53.00,13.14,5.34,49.98,58.11
Liechtenstein,52.63,,41.38,47.78,68.75,,0.00,59.03,45.40,61.07,40.63,51.89,50.83,43.70,74.66,87.87
Lithuania,63.33,,75.31,43.70,70.99,,100.00,69.03,72.09,60.11,30.88,55.48,44.75,61.47,61.73,89.77
Luxembourg,69.41,,83.11,46.51,78.60,,100.00,72.96,86.57,72.91,36.15,56.67,46.70,72.08,74.79,88.94
Madagascar,28.47,,25.01,19.28,41.14,,0.00,40.23,32.34,27.46,7.51,28.84,21.48,34.97,27.65,60.80
Malawi,24.87,,22.00,20.49,32.11,,0.00,34.69,25.94,27.37,9.31,32.77,19.39,13.46,28.69,54.18
Malaysia,68.71,,79.99,54.13,72.00,,100.00,72.17,78.46,69.31,34.32,61.53,66.55,59.03,74.22,82.77
Maldives,31.71,,31.71,20.79,42.63,,0.00,26.99,52.47,47.40,24.39,16.82,21.17,52.82,61.47,13.59
Mali,27.45,,24.71,19.12,38.52,,0.00,35.91,34.44,28.48,10.39,27.95,19.00,19.32,37.13,59.11
Malta,63.64,,80.74,40.89,69.31,,100.00,83.73,76.58,62.64,32.89,46.24,43.54,61.35,63.60,82.97
Marshall Islands,35.70,,30.25,32.26,44.60,,0.00,23.82,38.04,59.14,28.35,45.69,22.74,22.43,33.84,77.53
Mauritania,27.09,,22.21,22.27,36.80,,0.00,36.63,24.30,27.92,13.21,29.03,24.57,21.67,33.04,55.70
Mauritius,53.27,,69.82,30.63,59.35,,100.00,66.46,63.64,49.19,22.92,42.93,26.05,49.79,59.95,68.32
Mexico,50.37,,43.08,39.55,68.49,,0.00,55.26,66.15,50.92,27.19,41.08,50.38,51.25,72.22,81.99
Monaco,50.50,,41.75,39.97,69.80,,0.00,62.95,39.23,64.81,38.33,47.76,33.80,61.29,60.23,87.87
Mongolia,38.99,,35.83,27.71,53.43,,0.00,45.20,58.61,39.50,18.67,31.31,33.15,26.91,62.06,71.31
Montenegro,47.15,,40.21,35.53,65.70,,0.00,53.89,53.96,52.98,26.49,36.96,43.15,53.65,64.80,78.67
Morocco,43.34,,37.54,35.69,56.79,,0.00,63.88,45.06,41.22,20.65,43.71,42.70,50.95,49.05,70.37
Mozambique,25.62,,21.90,17.82,37.15,,0.00,31.05,30.97,25.59,7.09,30.11,16.26,33.21,19.52,58.72
Myanmar,30.91,,21.63,27.98,43.14,,0.00,25.08,30.08,31.34,11.46,36.40,36.06,27.31,48.17,53.93
Namibia,35.37,,32.02,28.30,45.80,,0.00,44.45,41.02,42.60,16.72,39.22,28.96,25.89,43.97,67.55
Nauru,46.75,,38.19,38.54,63.50,,0.00,52.67,40.11,59.99,35.76,44.47,35.39,38.87,62.41,89.23
Nepal,30.77,,31.04,24.21,37.06,,0.00,46.20,42.62,35.33,9.33,34.36,28.93,22.66,35.97,52.55
Netherlands,74.47,,78.90,61.96,82.55,,100.00,72.41,79.80,63.37,51.41,69.25,65.22,80.29,83.29,84.09
New Zealand,60.18,,51.85,47.05,81.66,,0.00,70.85,74.34,62.21,29.61,52.04,59.49,64.49,88.85,91.64
Nicaragua,29.77,,24.53,26.33,38.45,,0.00,32.76,33.93,31.44,15.00,32.46,31.52,17.34,35.50,62.52
Niger,24.71,,25.48,15.88,32.77,,0.00,37.87,30.21,33.82,5.13,30.41,12.09,13.87,33.53,50.93
Nigeria,39.88,,44.94,24.49,50.21,,50.00,49.91,43.13,36.71,11.20,39.48,22.79,42.67,32.05,75.92
North Macedonia,45.40,,39.55,33.89,62.77,,0.00,60.42,51.88,45.88,22.75,35.07,43.86,48.32,50.64,89.37
Norway,72.71,,81.77,54.97,81.40,,100.00,92.54,67.06,67.48,44.21,61.48,59.21,68.95,84.47,90.78
Oman,58.94,,69.35,37.71,69.76,,100.00,56.33,74.11,46.96,21.20,41.25,50.67,56.48,71.39,81.40
Pakistan,42.20,,43.00,34.07,49.53,,50.00,35.98,47.51,38.52,16.77,45.29,40.15,42.12,48.91,57.56
Panama,43.91,,38.33,33.26,60.15,,0.00,49.50,58.56,45.24,25.14,33.39,41.25,31.05,59.03,90.38
Papua New Guinea,30.41,,25.82,22.56,42.84,,0.00,22.51,43.61,37.14,13.10,32.03,22.55,18.99,34.61,74.92
Paraguay,36.85,,37.45,24.32,48.79,,0.00,50.74,47.24,51.82,13.94,28.56,30.47,25.12,48.75,72.51
Peru,54.87,,70.15,32.29,62.18,,100.00,72.17,62.79,45.65,19.87,36.05,40.94,47.94,64.38,74.21
Philippines,51.98,,65.43,34.38,56.13,,100.00,55.40,58.38,47.95,24.72,46.99,31.42,49.52,67.14,51.71
Poland,63.10,,69.79,46.84,72.66,,100.00,64.05,65.47,49.65,31.32,49.31,59.89,61.95,66.10,89.92
Portugal,68.28,,80.48,50.95,73.42,,100.00,87.50,73.30,61.10,37.36,54.03,61.46,60.72,77.89,81.65
Qatar,63.59,,69.64,44.31,76.81,,100.00,58.18,71.42,48.95,30.99,48.92,53.02,61.18,69.60,99.65
Republic of Korea,75.65,,87.55,54.36,85.02,,100.00,87.78,91.57,70.85,38.46,59.04,65.60,79.35,95.65,80.06
Republic of Moldova,42.97,,42.69,28.21,58.02,,0.00,55.92,63.49,51.34,19.33,29.16,36.14,27.98,66.17,79.91
Romania,52.32,,51.42,39.23,66.30,,50.00,58.94,52.94,43.82,29.76,39.32,48.62,58.57,67.55,72.79
Russian Federation,62.92,,74.13,43.38,71.26,,100.00,70.01,71.38,55.13,21.51,50.81,57.81,56.59,73.75,83.45
Rwanda,45.39,,67.82,27.87,40.48,,100.00,62.91,65.91,42.45,8.75,48.31,26.54,21.27,42.05,58.11
Saint Kitts and Nevis,39.23,,31.71,28.09,57.90,,0.00,47.85,31.10,47.90,27.26,27.00,30.02,36.53,54.03,83.13
Saint Lucia,36.46,,30.37,27.95,51.08,,0.00,47.31,39.00,35.17,21.60,28.27,33.98,27.28,53.11,72.83
Saint Vincent and the Grenadines,34.13,,30.53,24.40,47.47,,0.00,37.24,36.73,48.16,21.01,28.27,23.91,26.89,46.57,68.95
Samoa,31.66,,27.52,22.85,44.61,,0.00,28.71,36.84,44.54,20.77,30.60,17.19,19.24,39.70,74.88
San Marino,48.08,,37.11,44.21,62.94,,0.00,49.89,35.60,62.94,38.33,47.76,46.53,39.92,61.02,87.87
Sao Tome and Principe,26.86,,25.41,19.96,35.22,,0.00,40.73,25.87,35.03,8.75,30.02,21.10,18.81,25.22,61.63
Saudi Arabia,67.04,,78.71,49.59,72.83,,100.00,65.63,87.52,61.68,30.16,49.95,68.65,71.17,75.28,72.06
Senegal,42.58,,59.65,27.67,40.43,,100.00,46.61,40.88,51.11,17.50,43.25,22.26,25.54,33.52,62.23
Serbia,55.57,,74.29,37.13,55.30,,100.00,78.12,67.99,51.03,22.02,42.83,46.55,32.78,56.04,77.09
Seychelles,38.11,,36.44,19.50,58.37,,0.00,36.37,48.02,61.39,28.94,5.21,24.36,60.66,56.08,N/A
Sierra Leone,24.83,,21.85,18.10,34.52,,0.00,20.26,29.43,37.73,4.40,30.13,19.77,16.34,31.29,55.92
Singapore,81.97,,90.40,66.19,89.32,,100.00,88.34,91.08,82.17,54.77,75.61,68.20,77.73,91.08,99.15
Slovakia,60.73,,67.70,40.60,73.90,,100.00,65.43,57.61,47.78,32.80,45.50,43.51,58.96,77.78,84.95
Slovenia,62.63,,71.75,41.86,74.29,,100.00,61.63,70.51,54.85,27.20,52.33,46.07,65.17,75.34,82.37
Solomon Islands,29.09,,23.72,23.41,40.14,,0.00,19.62,37.19,38.08,15.34,31.82,23.06,20.10,34.31,66.00
Somalia,21.98,,18.01,19.35,28.58,,0.00,20.51,26.97,24.56,7.44,30.03,20.57,13.21,17.26,55.26
South Africa,47.28,,37.82,40.22,63.79,,0.00,57.77,55.64,37.88,25.51,48.18,46.97,54.42,60.19,76.78
South Sudan,18.26,,13.36,17.80,23.61,,0.00,17.53,13.75,22.16,7.84,27.08,18.47,11.07,15.13,44.64
Spain,67.47,,72.86,50.96,78.60,,100.00,66.94,72.46,52.02,39.84,52.75,60.30,68.46,80.08,87.28
Sri Lanka,41.89,,42.05,33.02,50.60,,50.00,28.37,63.02,26.80,25.83,39.25,33.98,28.77,56.86,66.17
State of Palestine,33.14,,21.15,31.90,46.37,,0.00,25.72,34.88,24.00,17.52,49.75,28.44,44.67,34.35,60.08
Sudan,24.51,,15.42,23.35,34.75,,0.00,14.69,20.32,26.69,5.27,36.19,28.61,15.88,25.69,62.70
Suriname,35.52,,28.27,26.85,51.43,,0.00,44.56,28.77,39.76,19.21,29.71,31.63,30.10,52.45,71.75
Sweden,72.55,,74.70,62.71,80.26,,100.00,71.72,80.91,46.17,44.70,75.73,67.69,77.93,75.49,87.35
Switzerland,68.57,,57.33,62.96,85.42,,0.00,90.35,67.86,71.09,47.61,78.47,62.80,76.19,84.66,95.41
Syrian Arab Republic,18.12,,13.67,28.13,12.55,,0.00,9.59,26.67,18.44,6.95,42.09,35.37,11.94,24.35,1.37
Taiwan,70.25,,75.33,54.58,80.85,,100.00,60.07,71.99,69.27,35.76,62.17,65.81,74.48,78.85,89.20
Tajikistan,38.78,,53.18,20.41,42.77,,100.00,31.94,36.00,44.76,5.72,32.59,22.91,40.78,42.52,45.00
Thailand,63.03,,77.21,41.33,70.55,,100.00,75.50,77.20,56.16,27.67,59.16,37.18,62.04,77.30,72.31
Timor-Leste,29.77,,24.25,21.32,43.75,,0.00,20.93,38.64,37.41,10.82,30.22,22.91,23.41,38.26,69.57
Togo,29.69,,29.74,19.96,39.36,,0.00,41.36,33.75,43.86,8.80,29.94,21.13,36.76,27.32,53.99
Tonga,39.01,,35.37,33.52,48.14,,0.00,37.58,47.41,56.47,26.72,45.69,28.14,26.95,45.03,72.44
Trinidad and Tobago,39.44,,32.70,32.25,53.38,,0.00,46.76,45.51,38.52,22.96,29.34,44.45,32.82,44.53,82.79
Tunisia,46.07,,48.31,38.47,51.44,,50.00,54.89,55.67,32.70,22.40,47.04,45.97,26.25,60.05,68.03
TŸrkiye,60.51,,75.08,42.32,64.13,,100.00,74.82,73.43,52.05,29.87,47.49,49.59,51.15,67.23,74.02
Turkmenistan,31.17,,20.05,30.51,42.94,,0.00,26.86,29.34,24.01,22.29,34.63,34.62,23.98,29.74,75.09
Tuvalu,37.45,,29.27,34.01,49.08,,0.00,25.48,36.08,55.54,28.19,45.69,28.14,25.17,44.54,77.53
Uganda,33.44,,38.06,20.96,41.30,,0.00,48.84,55.89,47.50,5.51,36.79,20.58,25.62,37.15,61.13
Ukraine,53.29,,68.93,36.18,54.75,,100.00,51.79,66.07,57.88,31.77,40.03,36.73,31.62,67.03,65.59
United Arab Emirates,70.42,,78.32,56.67,76.28,,100.00,69.21,88.89,55.18,34.76,62.86,72.38,67.50,65.93,95.41
United Kingdom of Great Britain and Northern Ireland,78.57,,82.50,68.80,84.42,,100.00,91.11,74.18,64.72,59.99,76.44,69.95,75.04,84.26,93.95
United Republic of Tanzania,32.86,,35.46,20.71,42.42,,0.00,43.24,56.62,42.00,4.47,39.91,17.75,39.11,28.77,59.37
United States of America,84.80,,86.04,81.02,87.32,,100.00,89.08,82.74,72.36,84.77,89.10,69.20,88.34,80.76,92.86
Uruguay,60.57,,74.40,35.32,71.99,,100.00,72.99,69.25,55.36,24.82,33.61,47.53,56.65,77.59,81.74
Uzbekistan,43.79,,49.07,24.80,57.49,,50.00,46.70,59.49,40.10,14.36,34.30,25.75,47.83,59.65,64.99
Vanuatu,31.91,,26.19,25.23,44.32,,0.00,25.06,40.76,38.94,20.34,30.60,24.73,25.58,39.17,68.22
"Venezuela, Bolivarian Republic of",29.20,,17.17,26.14,44.29,,0.00,11.09,30.59,26.99,14.55,32.79,31.09,22.15,40.85,69.87
Viet Nam,54.48,,69.04,37.82,56.58,,100.00,62.03,66.46,47.67,28.38,46.38,38.70,33.72,67.49,68.53
Yemen,19.89,,19.59,30.94,9.13,,0.00,30.27,34.47,13.64,6.95,47.23,38.63,5.57,20.45,1.37
Zambia,32.36,,32.32,20.33,44.42,,0.00,51.30,42.41,35.59,8.04,32.21,20.74,39.05,31.38,62.84
Zimbabwe,30.71,,24.08,23.41,44.63,,0.00,37.18,31.74,27.42,12.03,32.50,25.68,38.91,35.97,59.02
,,,,,,,,,,,,,,,,
,,,,,,,,,,,,,,,,
,,,,,,,,,,,,,,,,
,,,,,,,,,,,,,,,,
,,,,,,,,,,,,,,,,
,,,,,,,,,,,,,,,,