"Table 3: GDHI per head of population at current basic prices, pounds [note 2]",,,,,,,,,,,,,,,,,,,,,,,,,,,,,
ITL,ITL code,Region name,1997,1998,1999,2000,2001,2002,2003,2004,2005,2006,2007,2008,2009,2010,2011,2012,2013,2014,2015,2016,2017,2018,2019,2020,2021,2022,2023
UK,UK,United Kingdom,"10,596","10,814","11,298","11,889","12,353","12,643","13,022","13,556","14,038","14,618","15,297","15,695","15,963","16,111","16,270","16,870","17,506","18,061","19,004","19,228","19,677","20,407","21,016","20,978","21,729","22,907","24,836"
Other,TLB,England,"10,854","11,088","11,592","12,188","12,653","12,920","13,296","13,827","14,322","14,909","15,619","15,994","16,287","16,423","16,560","17,192","17,852","18,426","19,449","19,684","20,139","20,914","21,519","21,457","22,224","23,432","25,425"
ITL1,TLC,North East,"9,072","9,136","9,484","9,972","10,437","10,626","10,951","11,453","11,692","12,109","12,415","12,715","13,276","13,498","13,634","14,217","14,556","14,953","15,509","15,711","16,027","16,435","16,997","17,211","17,658","18,419","19,977"
ITL2,TLC3,Tees Valley,"8,978","8,802","9,245","9,713","10,242","10,411","10,665","11,147","11,540","11,941","12,228","12,494","13,075","13,194","13,418","13,979","14,228","14,704","15,113","15,312","15,634","16,041","16,638","16,916","17,270","18,018","19,480"
ITL3,TLC31,Hartlepool and Stockton-on-Tees,"9,065","9,003","9,465","9,835","10,300","10,625","10,875","11,423","11,907","12,315","12,603","12,938","13,437","13,577","13,940","14,332","14,506","14,936","15,303","15,513","15,801","16,123","16,841","17,137","17,640","18,408","19,992"
ITL3,TLC32,South Teesside,"8,750","8,435","8,944","9,412","9,868","9,952","10,198","10,646","11,010","11,442","11,628","11,904","12,571","12,687","12,890","13,653","13,882","14,452","14,818","14,878","15,098","15,572","16,047","16,233","16,471","17,202","18,518"
ITL3,TLC33,Darlington,"9,398","9,310","9,505","10,242","11,150","11,114","11,392","11,780","11,992","12,268","12,819","12,854","13,418","13,485","13,382","13,871","14,372","14,728","15,365","15,893","16,576","17,037","17,636","18,101","18,348","19,099","20,631"
ITL2,TLC4,"Northumberland, Durham and Tyne & Wear","9,104","9,250","9,566","10,061","10,505","10,701","11,049","11,559","11,744","12,167","12,480","12,791","13,345","13,602","13,708","14,299","14,668","15,039","15,646","15,849","16,162","16,571","17,120","17,312","17,792","18,558","20,149"
ITL3,TLC41,Durham,"9,026","9,199","9,566","10,021","10,451","10,574","10,860","11,382","11,597","11,940","12,186","12,429","12,853","13,217","13,315","13,804","14,209","14,659","15,258","15,401","15,722","16,182","16,612","16,839","17,240","17,945","19,439"
ITL3,TLC42,Northumberland,"10,060","10,156","10,691","11,271","11,746","12,006","12,430","12,912","13,181","13,945","14,221","15,079","16,007","15,985","16,021","16,581","17,144","17,518","18,193","18,507","18,822","19,248","19,808","19,919","20,332","21,164","23,192"
ITL3,TLC43,Tyneside,"9,057","9,270","9,436","9,896","10,373","10,562","10,941","11,505","11,555","11,919","12,256","12,436","12,965","13,249","13,346","14,005","14,285","14,655","15,317","15,421","15,716","16,159","16,804","17,000","17,506","18,326","19,892"
ITL3,TLC44,Sunderland,"8,364","8,318","8,731","9,292","9,630","9,895","10,172","10,528","10,951","11,304","11,705","11,905","12,347","12,644","12,867","13,493","13,854","14,078","14,466","14,964","15,303","15,495","15,949","16,145","16,753","17,402","18,751"
ITL1,TLD,North West,"9,603","9,746","10,253","10,706","11,090","11,386","11,756","12,200","12,585","12,999","13,520","13,748","14,246","14,370","14,496","14,963","15,431","15,822","16,545","16,658","17,146","17,643","18,231","18,395","18,894","19,837","21,543"
ITL2,TLD1,Cumbria,"9,730","10,119","10,414","10,795","11,531","11,793","12,217","12,745","13,153","13,679","14,257","14,515","15,146","15,542","15,588","16,313","16,892","17,380","18,102","18,214","18,585","18,959","19,551","19,690","20,026","20,973","23,070"
ITL3,TLD13,Cumberland,"9,199","9,560","9,881","10,377","11,007","11,120","11,576","12,083","12,432","12,903","13,524","13,725","14,359","14,725","14,786","15,484","15,950","16,374","17,017","17,190","17,546","17,850","18,315","18,585","18,872","19,574","21,411"
ITL3,TLD14,Westmorland and Furness,"10,372","10,790","11,047","11,288","12,148","12,587","12,977","13,533","14,013","14,612","15,143","15,470","16,096","16,530","16,564","17,326","18,043","18,610","19,428","19,464","19,846","20,301","21,043","21,023","21,417","22,665","25,083"
ITL2,TLD3,Greater Manchester,"9,465","9,572","10,180","10,647","10,972","11,215","11,502","11,891","12,241","12,657","13,110","13,260","13,672","13,766","13,891","14,350","14,773","15,134","15,800","15,903","16,394","16,885","17,479","17,684","18,229","19,236","20,813"
ITL3,TLD33,Manchester,"7,206","7,480","8,136","8,476","8,860","9,220","9,378","9,730","10,103","10,455","10,752","10,994","11,612","11,662","11,827","12,231","12,464","12,944","13,666","13,860","14,653","15,169","15,768","16,311","17,030","17,830","18,945"
ITL3,TLD34,Greater Manchester South West,"11,783","11,878","12,516","13,134","13,434","13,704","14,032","14,525","14,941","15,330","15,828","15,979","16,199","16,184","16,274","16,725","17,185","17,423","18,696","18,640","19,142","19,687","20,400","20,340","21,024","22,396","24,510"
ITL3,TLD35,Greater Manchester South East,"9,696","9,779","10,483","11,001","11,247","11,497","11,915","12,168","12,568","13,053","13,564","13,769","14,353","14,570","14,760","15,231","15,806","16,231","17,017","17,421","17,855","18,445","19,035","19,155","19,641","20,727","22,483"
ITL3,TLD36,Greater Manchester North West,"9,755","9,791","10,330","10,797","11,148","11,330","11,650","12,069","12,361","12,801","13,290","13,358","13,662","13,737","13,836","14,309","14,690","14,935","15,120","15,101","15,665","16,011","16,492","16,698","17,142","18,042","19,537"
ITL3,TLD37,Greater Manchester North East,"8,883","8,978","9,525","9,964","10,321","10,532","10,763","11,206","11,533","11,951","12,418","12,535","12,896","13,031","13,141","13,627","14,093","14,509","15,040","15,071","15,277","15,763","16,376","16,564","16,989","17,937","19,444"
ITL2,TLD4,Lancashire,"9,335","9,452","9,810","10,306","10,734","10,906","11,244","11,676","12,132","12,515","13,026","13,351","13,887","13,990","14,199","14,435","14,814","15,175","15,852","16,051","16,612","17,074","17,593","17,761","18,238","19,089","20,761"
ITL3,TLD41,Blackburn with Darwen,"8,318","8,327","8,774","8,772","9,077","9,028","9,446","9,766","10,220","10,520","10,691","10,734","10,992","11,324","11,272","11,415","11,474","11,854","12,107","12,220","13,233","13,946","14,267","14,622","15,178","15,768","17,049"
ITL3,TLD42,Blackpool,"9,368","9,516","9,765","10,378","10,497","10,643","10,544","10,830","10,956","11,222","11,711","11,997","12,546","12,782","13,250","13,307","13,637","13,965","14,492","14,846","15,306","15,569","16,109","16,328","16,746","17,457","18,846"
ITL3,TLD44,Lancaster and Wyre,"8,983","9,184","9,527","10,072","10,552","10,854","11,212","11,628","12,041","12,426","12,938","13,294","14,095","14,144","14,272","14,569","15,148","15,609","16,069","16,323","17,189","17,894","18,231","18,403","18,751","19,566","21,308"
ITL3,TLD45,Mid Lancashire,"10,561","10,690","11,033","11,615","12,181","12,319","12,711","13,170","13,646","14,080","14,604","14,914","15,471","15,491","15,641","15,947","16,441","16,822","17,664","17,966","18,420","18,859","19,491","19,608","20,175","21,170","23,033"
ITL3,TLD46,East Lancashire,"8,138","8,255","8,586","9,021","9,418","9,592","9,962","10,446","10,990","11,349","11,969","12,438","12,893","13,019","13,218","13,389","13,599","13,869","14,480","14,749","14,999","15,186","15,638","15,811","16,141","17,005","18,455"
ITL3,TLD47,Chorley and West Lancashire,"10,147","10,202","10,646","11,272","11,752","11,974","12,364","12,835","13,385","13,838","14,388","14,699","15,213","15,236","15,648","15,977","16,429","16,782","17,879","17,707","18,326","18,929","19,664","19,732","20,348","21,161","23,133"
ITL2,TLD6,Cheshire,"11,135","11,261","11,879","12,349","12,688","13,365","13,960","14,598","15,052","15,498","16,120","16,431","16,863","16,914","17,015","17,700","18,363","18,903","20,061","20,008","20,627","21,457","22,169","22,088","22,713","23,785","25,962"
ITL3,TLD61,Warrington,"10,173","10,340","10,879","11,718","12,277","12,458","12,843","13,544","13,815","14,335","15,073","15,163","15,328","15,481","15,778","16,570","16,751","17,299","18,587","18,429","18,688","19,421","20,327","20,390","21,111","22,238","24,301"
ITL3,TLD62,Cheshire East,"11,890","12,044","12,683","13,064","13,330","14,197","14,816","15,344","15,843","16,375","16,942","17,234","17,747","17,762","17,834","18,478","19,539","20,227","21,734","21,643","22,476","23,669","24,294","24,103","24,830","25,704","28,036"
ITL3,TLD63,Cheshire West and Chester,"10,874","10,945","11,591","11,941","12,231","12,992","13,682","14,401","14,910","15,221","15,836","16,300","16,807","16,840","16,855","17,521","18,040","18,415","19,104","19,159","19,764","20,245","20,925","20,868","21,289","22,534","24,584"
ITL2,TLD7,Merseyside,"9,174","9,327","9,805","10,207","10,555","10,845","11,237","11,641","11,969","12,348","12,915","13,125","13,738","13,895","13,990","14,481","14,961","15,307","15,916","16,067","16,437","16,810","17,380","17,621","18,021","18,862","20,431"
ITL3,TLD71,East Merseyside,"8,074","8,192","8,675","9,292","9,760","9,982","10,377","10,884","11,319","11,736","12,353","12,653","13,137","13,267","13,394","13,795","14,141","14,460","15,102","15,429","16,126","16,578","17,118","17,375","17,608","18,430","20,020"
ITL3,TLD72,Liverpool,"8,369","8,419","8,948","9,380","9,867","10,040","10,400","10,834","11,034","11,555","11,986","11,975","12,631","12,834","12,941","13,450","13,908","14,423","15,027","15,027","15,167","15,442","15,996","16,395","16,915","17,572","18,976"
ITL3,TLD73,Sefton,"11,212","11,446","11,768","11,629","11,468","11,875","12,237","12,643","13,224","13,459","13,950","14,244","15,046","15,198","15,306","15,887","16,500","16,560","17,222","17,430","17,705","17,929","18,499","18,770","19,236","20,307","21,904"
ITL3,TLD74,Wirral,"10,044","10,327","10,853","11,391","11,826","12,281","12,744","12,970","13,125","13,380","14,140","14,470","15,045","15,189","15,222","15,736","16,327","16,705","17,241","17,335","17,683","18,237","18,877","18,826","19,238","20,218","22,005"
ITL1,TLE,Yorkshire and The Humber,"9,484","9,735","10,206","10,633","10,988","11,256","11,626","12,015","12,302","12,733","13,252","13,422","13,786","13,843","14,066","14,479","14,888","15,302","16,023","16,108","16,585","17,166","17,713","17,896","18,427","19,387","21,027"
ITL2,TLE1,East Yorkshire and Northern Lincolnshire,"9,031","9,254","9,832","10,174","10,506","10,798","11,182","11,603","11,922","12,294","12,787","12,929","13,266","13,404","13,767","14,111","14,341","14,695","15,392","15,552","16,069","16,680","17,181","17,473","17,935","18,900","20,464"
ITL3,TLE11,"Kingston upon Hull, City of","7,351","7,557","8,096","8,763","9,273","9,497","9,644","9,831","10,010","10,133","10,525","10,756","11,265","11,441","11,774","12,011","12,145","12,512","12,895","13,070","13,449","13,893","14,244","14,699","15,173","15,910","17,001"
ITL3,TLE12,East Riding of Yorkshire,"10,444","10,587","11,458","11,613","11,673","12,055","12,592","13,187","13,703","14,281","14,639","14,817","15,249","15,415","15,705","16,039","16,404","16,796","17,907","17,989","18,579","19,412","19,949","20,001","20,613","21,759","23,705"
ITL3,TLE13,North and North East Lincolnshire,"9,059","9,355","9,642","9,877","10,317","10,555","10,965","11,393","11,623","11,979","12,681","12,713","12,810","12,887","13,346","13,792","13,972","14,282","14,826","15,064","15,630","16,151","16,728","17,106","17,377","18,330","19,876"
ITL2,TLE2,North Yorkshire,"11,145","11,769","12,127","12,184","12,646","13,091","13,426","13,747","14,394","15,233","15,796","16,098","16,753","16,661","16,895","17,510","18,005","18,364","19,479","19,564","20,188","21,109","21,730","21,676","22,465","23,628","25,918"
ITL3,TLE21,York,"10,392","10,970","11,766","12,026","12,567","13,016","13,071","12,776","13,032","13,654","14,475","14,552","15,085","15,153","15,288","16,008","16,449","17,114","17,937","18,080","18,758","19,599","20,229","20,327","21,010","21,955","23,553"
ITL3,TLE22,North Yorkshire,"11,382","12,021","12,241","12,233","12,670","13,115","13,539","14,059","14,833","15,741","16,221","16,594","17,292","17,153","17,423","18,005","18,523","18,783","19,999","20,061","20,667","21,615","22,231","22,123","22,940","24,175","26,697"
ITL2,TLE3,South Yorkshire,"8,918","9,074","9,568","10,032","10,488","10,692","11,076","11,507","11,693","11,998","12,429","12,593","12,968","13,036","13,219","13,655","14,045","14,610","15,174","15,286","15,729","16,179","16,662","16,931","17,432","18,315","19,795"
ITL3,TLE32,Sheffield,"9,387","9,492","9,951","10,318","10,920","11,157","11,457","12,065","12,058","12,254","12,531","12,846","13,308","13,184","13,178","13,572","13,853","14,462","15,070","15,138","15,436","15,954","16,481","16,688","17,272","18,064","19,462"
ITL3,TLE33,Barnsley,"8,863","9,026","9,549","10,083","10,475","10,684","11,090","11,404","11,673","12,041","12,549","12,597","12,960","13,129","13,467","13,868","14,267","14,827","15,263","15,403","15,933","16,416","17,092","17,460","17,885","18,863","20,404"
ITL3,TLE34,Rotherham,"8,448","8,620","9,159","9,700","10,041","10,237","10,648","10,917","11,258","11,663","12,224","12,299","12,662","12,903","13,213","13,712","14,202","14,646","15,218","15,343","15,921","16,224","16,464","16,843","17,145","18,162","19,793"
ITL3,TLE35,Doncaster,"8,526","8,751","9,247","9,765","10,114","10,263","10,757","11,101","11,430","11,797","12,334","12,386","12,626","12,812","13,106","13,595","14,090","14,681","15,257","15,414","15,933","16,363","16,819","17,027","17,607","18,469","19,922"
ITL2,TLE4,West Yorkshire,"9,439","9,624","10,069","10,636","10,897","11,128","11,498","11,871","12,076","12,459","13,026","13,165","13,429","13,500","13,685","14,040","14,503","14,875","15,563","15,607","16,037","16,567","17,145","17,320","17,796","18,731","20,272"
ITL3,TLE41,Bradford,"9,194","9,319","9,773","10,295","10,309","10,473","10,688","11,111","11,171","11,454","11,856","12,043","12,301","12,218","12,299","12,635","13,110","13,452","14,067","14,059","14,380","14,596","15,053","15,334","15,669","16,469","17,784"
ITL3,TLE42,Leeds,"9,939","10,126","10,583","11,248","11,612","11,900","12,211","12,444","12,643","13,104","13,749","13,979","14,276","14,415","14,764","14,991","15,409","15,755","16,461","16,558","16,992","17,672","18,328","18,505","19,049","20,073","21,694"
ITL3,TLE44,Calderdale and Kirklees,"9,195","9,406","9,848","10,355","10,649","10,828","11,316","11,760","12,031","12,397","12,967","13,031","13,276","13,348","13,567","14,053","14,540","14,990","15,704","15,680","16,099","16,695","17,302","17,370","17,864","18,758","20,360"
ITL3,TLE45,Wakefield,"9,112","9,332","9,746","10,272","10,607","10,920","11,444","11,929","12,249","12,646","13,299","13,313","13,560","13,726","13,652","14,068","14,565","14,893","15,599","15,716","16,329","16,875","17,401","17,598","18,092","19,101","20,706"
ITL1,TLF,East Midlands,"9,640","9,828","10,269","10,657","11,100","11,391","11,841","12,305","12,629","13,048","13,798","13,957","14,189","14,215","14,492","14,973","15,426","15,907","16,674","16,697","17,154","17,687","18,298","18,455","19,026","19,995","21,656"
ITL2,TLF1,Derbyshire and Nottinghamshire,"9,167","9,432","9,930","10,245","10,749","11,036","11,528","11,992","12,228","12,670","13,370","13,573","13,810","13,739","13,921","14,410","14,957","15,456","16,280","16,305","16,649","17,204","17,832","18,042","18,572","19,524","21,205"
ITL3,TLF11,Derby,"9,175","9,250","9,722","9,716","10,156","10,550","10,840","11,353","11,307","12,008","12,296","12,216","12,881","12,487","12,493","13,084","13,438","14,068","14,543","14,606","15,186","15,659","16,206","16,348","16,719","17,553","18,915"
ITL3,TLF12,East Derbyshire,"8,351","8,667","9,225","9,564","10,369","10,610","10,835","11,225","11,529","12,074","12,740","12,676","12,890","12,892","13,187","13,669","14,029","14,428","15,386","15,255","16,049","16,798","17,388","17,818","18,232","19,020","20,642"
ITL3,TLF13,South and West Derbyshire,"9,431","9,711","10,255","10,651","11,053","11,392","12,308","12,892","13,273","13,805","14,532","14,780","14,927","14,986","15,512","16,034","16,853","17,248","18,448","18,505","18,553","19,304","19,976","20,049","20,519","21,632","23,589"
ITL3,TLF14,Nottingham,"8,195","8,407","8,900","9,202","9,431","9,592","9,802","9,756","9,904","10,135","10,582","10,848","10,839","10,873","10,902","11,207","11,832","12,252","12,767","12,974","13,127","13,383","13,974","14,254","14,882","15,562","16,823"
ITL3,TLF15,North Nottinghamshire,"8,771","9,114","9,522","10,023","10,475","10,820","11,235","11,877","12,100","12,325","13,206","13,491","13,819","13,731","13,778","14,150","14,542","15,119","16,032","16,023","16,433","17,046","17,644","17,871","18,369","19,411","21,031"
ITL3,TLF16,South Nottinghamshire,"10,814","11,081","11,592","11,763","12,491","12,705","13,307","13,847","14,142","14,666","15,640","16,049","16,244","16,127","16,189","16,921","17,511","18,123","18,749","18,748","19,080","19,454","20,172","20,335","21,062","22,176","24,203"
ITL2,TLF2,"Leicestershire, Rutland and Northamptonshire","10,183","10,257","10,671","11,173","11,558","11,837","12,257","12,732","13,094","13,538","14,348","14,406","14,587","14,652","15,017","15,506","15,895","16,343","17,127","17,138","17,723","18,221","18,802","18,896","19,520","20,475","22,095"
ITL3,TLF21,Leicester,"8,256","8,075","8,516","8,992","9,337","9,641","9,825","10,005","9,952","10,206","10,692","10,603","10,916","11,108","11,118","11,473","11,626","11,930","12,293","12,499","12,818","13,101","13,536","13,894","14,505","15,159","16,067"
ITL3,TLF22,Leicestershire CC and Rutland,"10,774","10,969","11,351","11,751","12,145","12,415","13,054","13,604","14,012","14,360","15,120","15,193","15,492","15,605","15,851","16,323","16,761","17,224","18,041","17,946","18,745","19,382","20,115","20,053","20,677","21,666","23,513"
ITL3,TLF24,West Northamptonshire,"10,842","10,881","11,310","12,008","12,390","12,670","12,903","13,452","13,962","14,617","15,702","15,754","15,713","15,733","16,697","17,286","17,672","18,184","19,182","19,257","19,854","20,579","21,040","20,919","21,645","22,752","24,612"
ITL3,TLF25,North Northamptonshire,"10,057","10,165","10,548","11,038","11,421","11,697","12,097","12,645","13,198","13,816","14,754","14,958","15,037","14,958","15,265","15,830","16,380","16,868","17,797","17,777","18,165","18,340","18,884","19,254","19,689","20,729","22,360"
ITL2,TLF3,Lincolnshire,"9,808","10,027","10,351","10,683","11,075","11,404","11,795","12,231","12,725","13,006","13,751","14,021","14,360","14,575","14,924","15,350","15,673","16,176","16,724","16,755","17,218","17,759","18,389","18,548","19,102","20,157","21,854"
ITL3,TLF30,Lincolnshire CC,"9,808","10,027","10,351","10,683","11,075","11,404","11,795","12,231","12,725","13,006","13,751","14,021","14,360","14,575","14,924","15,350","15,673","16,176","16,724","16,755","17,218","17,759","18,389","18,548","19,102","20,157","21,854"
ITL1,TLG,West Midlands,"9,668","9,949","10,332","10,796","11,212","11,457","11,771","12,175","12,380","12,840","13,193","13,543","13,866","14,001","14,180","14,562","15,054","15,601","16,387","16,666","16,875","17,368","17,891","18,000","18,547","19,506","21,141"
ITL2,TLG1,"Herefordshire, Worcestershire and Warwickshire","10,969","11,392","11,779","12,274","12,782","13,114","13,515","14,118","14,495","15,179","15,480","15,938","16,246","16,306","16,578","17,036","17,724","18,355","19,523","20,044","20,186","20,825","21,383","21,314","21,890","23,019","25,059"
ITL3,TLG11,"Herefordshire, County of","10,193","10,617","10,843","11,297","11,849","12,189","12,687","13,280","13,655","14,407","14,660","15,117","15,581","16,034","16,458","16,769","17,532","17,855","18,825","19,032","19,318","20,034","20,986","21,147","21,681","22,736","24,774"
ITL3,TLG12,Worcestershire CC,"10,870","11,389","11,700","12,023","12,526","12,874","13,151","13,872","14,427","15,226","15,333","15,661","15,965","15,885","16,113","16,530","17,224","17,826","18,869","19,221","19,561","20,379","20,901","20,961","21,445","22,440","24,429"
ITL3,TLG13,Warwickshire CC,"11,337","11,660","12,185","12,883","13,379","13,687","14,184","14,662","14,851","15,389","15,909","16,502","16,762","16,835","17,099","17,649","18,306","19,070","20,433","21,230","21,116","21,538","22,004","21,726","22,404","23,688","25,774"
ITL2,TLG2,Shropshire and Staffordshire,"9,870","10,172","10,538","10,871","11,271","11,531","11,955","12,280","12,618","13,163","13,618","14,076","14,367","14,496","14,679","15,056","15,584","16,074","16,952","17,068","17,375","17,971","18,554","18,646","19,101","20,059","21,798"
ITL3,TLG21,Telford and Wrekin,"10,249","10,312","10,514","10,347","10,318","10,753","11,312","11,826","11,782","12,302","12,810","13,032","13,318","13,641","14,046","14,462","14,743","15,155","15,848","16,101","16,096","16,443","16,950","17,250","17,896","18,825","20,279"
ITL3,TLG22,Shropshire,"10,809","11,286","11,423","11,727","12,001","12,306","12,859","13,408","13,631","14,342","14,720","15,479","15,967","15,995","16,223","16,438","16,825","17,326","18,412","18,650","18,880","19,629","20,348","20,250","20,545","21,679","23,824"
ITL3,TLG23,Stoke-on-Trent,"8,367","8,477","9,034","9,299","9,438","9,591","9,918","10,197","10,746","10,894","11,413","11,604","11,922","12,054","12,322","12,667","13,105","13,352","13,869","14,006","14,146","14,567","15,015","15,323","15,603","16,276","17,626"
ITL3,TLG24,Staffordshire CC,"9,941","10,278","10,692","11,146","11,748","11,986","12,363","12,584","12,973","13,579","14,027","14,502","14,712","14,838","14,935","15,376","16,032","16,610","17,560","17,601","18,055","18,698","19,284","19,336","19,852","20,834","22,602"
ITL2,TLG3,West Midlands,"8,951","9,149","9,536","10,055","10,429","10,622","10,829","11,182","11,227","11,529","11,844","12,082","12,436","12,619","12,760","13,109","13,494","14,036","14,595","14,861","15,048","15,414","15,884","16,079","16,641","17,519","18,900"
ITL3,TLG31,Birmingham,"8,636","8,839","9,218","9,779","10,134","10,275","10,502","10,802","10,818","11,197","11,444","11,694","11,987","12,215","12,314","12,619","12,891","13,460","13,981","14,176","14,345","14,679","15,205","15,450","16,083","16,996","18,312"
ITL3,TLG32,Solihull,"11,884","12,192","12,711","13,524","14,671","15,041","15,304","15,703","16,014","16,235","16,716","16,937","17,148","17,283","17,587","18,085","19,206","19,882","21,152","21,368","21,469","22,076","22,734","22,371","23,023","24,444","26,815"
ITL3,TLG33,Coventry,"8,913","8,900","9,316","10,056","10,447","10,743","10,854","11,391","11,234","11,460","12,104","12,372","12,807","12,945","13,072","13,486","13,877","14,358","14,759","15,181","15,508","15,913","16,361","16,514","17,182","17,851","19,057"
ITL3,TLG36,Dudley,"9,430","9,644","10,025","10,427","10,623","10,735","10,973","11,466","11,606","11,928","12,108","12,291","12,768","13,054","13,221","13,725","14,172","14,662","15,292","15,495","15,508","15,864","16,299","16,498","16,812","17,746","19,238"
ITL3,TLG37,Sandwell,"8,000","8,169","8,522","8,927","9,148","9,335","9,576","9,934","10,000","10,250","10,436","10,640","11,023","11,154","11,353","11,658","11,874","12,371","12,816","13,123","13,255","13,517","13,930","14,188","14,551","15,360","16,562"
ITL3,TLG38,Walsall,"8,599","8,900","9,203","9,514","9,737","9,994","10,141","10,373","10,391","10,633","10,964","11,201","11,615","11,789","11,984","12,319","12,796","13,389","13,874","14,221","14,626","15,066","15,281","15,521","16,081","16,816","18,199"
ITL3,TLG39,Wolverhampton,"8,765","9,007","9,419","9,753","10,094","10,274","10,460","10,728","10,833","11,081","11,456","11,747","12,147","12,210","12,283","12,517","12,836","13,293","13,812","14,208","14,429","14,776","15,272","15,621","16,210","16,958","18,174"
ITL1,TLH,East,"11,173","11,355","11,834","12,452","13,017","13,347","13,608","14,038","14,541","14,986","15,612","16,117","16,540","16,661","16,786","17,378","17,989","18,550","19,594","19,895","20,468","21,247","21,826","21,733","22,482","23,709","25,732"
ITL2,TLH2,Bedfordshire and Hertfordshire,"12,240","12,491","12,865","13,673","14,313","14,686","14,963","15,373","15,871","16,508","17,303","17,686","18,122","18,208","18,258","18,915","19,782","20,452","21,642","21,872","22,422","23,257","23,810","23,548","24,438","25,841","28,061"
ITL3,TLH21,Luton,"9,228","8,883","9,393","9,898","10,528","10,841","11,239","11,568","11,752","11,902","12,287","12,480","12,643","12,868","13,010","13,307","13,486","13,851","14,368","15,023","15,805","16,164","16,640","16,927","17,291","18,169","19,338"
ITL3,TLH24,Bedford,"11,279","11,236","11,709","12,143","12,245","12,739","13,018","13,468","14,156","14,621","15,187","15,699","16,193","16,518","16,728","16,954","17,320","17,793","18,840","19,294","19,812","20,440","20,991","21,000","21,464","22,533","24,378"
ITL3,TLH25,Central Bedfordshire,"11,886","11,896","12,477","13,075","13,308","13,861","14,125","14,478","15,052","15,491","16,001","16,435","16,788","17,259","17,301","17,858","18,729","19,042","19,991","20,454","21,032","21,818","22,248","22,133","22,583","23,778","25,673"
ITL3,TLH26,North and East Hertfordshire,"12,203","12,613","12,897","13,775","14,504","14,827","15,057","15,418","15,838","16,522","17,376","17,777","18,364","18,325","18,365","19,150","20,152","20,925","22,188","22,319","22,735","23,517","24,205","23,922","24,556","25,861","28,008"
ITL3,TLH27,South West Hertfordshire,"13,757","14,262","14,557","15,604","16,501","16,828","17,107","17,604","18,203","19,111","20,197","20,562","20,970","20,904","20,903","21,729","22,872","23,790","25,338","25,362","25,955","27,113","27,647","27,066","28,776","30,717","33,729"
ITL2,TLH3,Essex,"11,410","11,536","12,180","12,645","13,241","13,586","13,886","14,327","14,819","15,201","15,744","16,296","16,761","16,761","16,937","17,473","17,963","18,435","19,560","20,065","20,831","21,744","22,302","22,270","23,021","24,217","26,236"
ITL3,TLH31,Southend-on-Sea,"10,758","11,000","11,615","12,238","12,974","13,406","13,790","13,893","14,201","14,643","15,077","15,334","15,875","16,159","16,319","16,678","17,279","17,773","18,713","19,143","19,805","20,510","20,945","21,293","22,168","23,277","25,329"
ITL3,TLH32,Thurrock,"9,972","10,028","10,302","10,419","10,872","11,522","12,040","12,327","12,758","13,117","13,678","14,145","14,519","14,710","14,854","15,219","15,681","16,290","16,980","17,684","18,185","18,921","19,610","19,941","20,586","21,560","23,074"
ITL3,TLH34,Essex Haven Gateway,"9,896","10,078","10,779","11,215","11,805","12,206","12,463","12,966","13,421","13,757","14,286","14,874","15,435","15,427","15,642","16,188","16,734","17,174","18,028","18,371","18,928","19,603","20,168","20,272","20,946","22,040","23,902"
ITL3,TLH35,West Essex,"13,130","13,292","13,918","14,549","15,079","15,329","15,577","16,230","16,965","17,372","18,020","18,666","18,824","18,694","18,960","19,621","20,038","20,447","22,525","22,787","24,322","25,788","26,112","25,496","26,453","27,961","30,430"
ITL3,TLH36,Heart of Essex,"13,322","13,358","14,136","14,666","15,256","15,420","15,658","16,055","16,565","17,011","17,597","18,285","18,749","18,595","18,731","19,342","20,071","20,617","21,808","22,696","23,404","24,337","25,068","24,943","25,774","26,961","29,217"
ITL3,TLH37,Essex Thames Gateway,"11,220","11,313","11,960","12,357","13,019","13,357","13,681","14,140","14,601","14,954","15,447","15,950","16,533","16,555","16,663","17,179","17,394","17,821","18,738","19,282","19,896","20,821","21,394","21,395","21,974","23,205","25,054"
ITL2,TLH4,Cambridgeshire and Peterborough,"10,959","11,227","11,924","12,460","12,719","13,136","13,225","13,796","14,545","15,153","15,703","15,988","16,263","16,362","16,417","16,931","17,560","18,344","19,128","19,516","19,965","20,527","21,220","21,174","21,680","22,851","24,862"
ITL3,TLH41,Peterborough,"9,825","10,079","10,813","11,449","11,736","11,903","11,930","12,121","12,448","13,079","13,647","13,807","13,881","14,097","14,163","14,486","14,793","15,372","15,914","16,045","16,351","16,626","17,201","17,455","17,809","18,938","20,393"
ITL3,TLH42,Cambridgeshire CC,"11,288","11,556","12,242","12,748","12,997","13,487","13,591","14,273","15,146","15,752","16,300","16,627","16,966","17,031","17,085","17,665","18,398","19,248","20,116","20,599","21,102","21,764","22,500","22,358","22,911","24,085","26,264"
ITL2,TLH5,Norfolk,"9,738","9,902","10,177","10,645","11,235","11,374","11,673","11,954","12,352","12,467","13,133","13,708","14,092","14,549","14,873","15,445","15,793","16,158","17,023","17,055","17,619","18,286","18,946","18,936","19,560","20,589","22,357"
ITL3,TLH51,Norwich and East Norfolk,"9,866","9,996","10,274","10,721","11,260","11,406","11,700","11,981","12,321","12,378","13,088","13,641","14,002","14,404","14,737","15,290","15,510","15,937","16,900","16,519","16,908","17,325","17,927","18,033","18,735","19,661","21,327"
ITL3,TLH52,North and West Norfolk,"9,261","9,438","9,777","10,252","10,919","11,106","11,414","11,655","12,080","12,213","12,828","13,509","14,032","14,640","14,987","15,520","16,107","16,384","17,077","17,205","17,882","18,844","19,671","19,459","19,919","21,126","23,020"
ITL3,TLH53,Breckland and South Norfolk,"10,043","10,246","10,446","10,935","11,518","11,598","11,894","12,216","12,667","12,848","13,500","13,999","14,277","14,663","14,951","15,587","15,882","16,246","17,139","17,645","18,337","19,071","19,647","19,666","20,323","21,325","23,113"
ITL2,TLH6,Suffolk,"10,001","10,076","10,413","11,221","11,819","12,144","12,432","12,933","13,340","13,703","14,158","14,982","15,464","15,573","15,584","16,249","16,795","17,259","18,240","18,411","18,748","19,448","19,889","19,892","20,733","21,906","23,754"
ITL3,TLH61,Babergh and Mid Suffolk,"11,013","11,031","11,281","12,181","12,576","12,941","13,176","13,716","14,203","14,548","15,011","15,843","16,348","16,530","16,513","17,309","17,927","18,435","19,593","19,798","20,297","21,098","21,468","21,258","22,496","23,796","25,739"
ITL3,TLH62,Ipswich,"9,746","9,751","10,207","10,948","11,524","11,884","12,169","12,489","12,662","13,008","13,401","13,997","14,436","14,520","14,494","14,814","15,125","15,445","15,930","16,172","16,530","16,789","17,352","17,846","18,392","19,095","20,728"
ITL3,TLH63,East Suffolk,"9,763","9,925","10,198","10,965","11,452","11,733","12,146","12,681","13,156","13,538","13,994","14,939","15,536","15,707","15,875","16,598","17,182","17,754","18,907","18,951","19,285","20,023","20,196","20,181","21,027","22,404","24,545"
ITL3,TLH64,West Suffolk,"9,481","9,540","9,957","10,771","11,748","12,067","12,234","12,779","13,184","13,547","14,035","14,856","15,189","15,161","15,024","15,753","16,360","16,753","17,716","17,980","18,137","19,017","19,775","19,622","20,227","21,303","22,797"
ITL1,TLI,London,"12,910","13,338","14,172","15,208","15,763","15,965","16,662","17,573","18,587","19,530","20,927","21,540","21,436","21,574","21,396","22,697","23,881","24,885","26,649","27,096","27,573","29,107","29,613","29,162","30,714","32,553","35,361"
ITL2,TLI3,Inner London - West,"20,558","21,586","23,063","25,072","25,243","24,952","25,701","27,642","30,016","32,793","36,569","38,930","38,825","37,786","36,374","39,333","43,343","46,266","49,463","50,377","51,442","54,743","55,655","53,950","57,517","60,291","65,958"
ITL3,TLI33,Kensington & Chelsea and Hammersmith & Fulham,"27,433","27,411","28,537","30,517","30,218","29,600","30,609","32,834","35,312","38,619","43,094","45,874","45,407","44,101","42,847","46,216","50,963","54,784","57,233","57,031","58,117","61,523","62,245","61,151","64,897","69,166","77,674"
ITL3,TLI34,Wandsworth,"13,896","15,432","17,107","19,096","19,679","19,572","20,114","21,738","23,953","26,059","29,072","30,210","30,242","29,171","27,830","29,390","31,678","33,957","35,843","36,503","36,736","38,913","39,584","38,487","41,314","43,967","47,804"
ITL3,TLI35,Westminster and City of London,"23,214","24,355","26,283","28,312","28,689","28,325","29,129","31,238","33,657","36,912","41,379","44,575","45,092","44,651","43,348","47,637","53,648","57,639","63,169","66,132","67,833","71,772","72,168","68,618","71,580","74,794","79,555"
ITL3,TLI36,Camden,"16,235","17,994","19,142","21,009","20,979","20,988","21,520","23,273","25,607","28,092","31,240","33,850","33,712","32,711","31,105","34,177","37,831","39,450","43,415","44,879","46,942","51,256","53,723","52,249","56,989","56,704","61,657"
ITL2,TLI4,Inner London - East,"10,833","11,172","12,045","13,011","13,462","13,720","14,325","15,229","16,253","17,356","18,507","18,822","18,903","19,382","19,414","20,510","21,328","22,313","24,084","24,718","25,467","26,994","27,797","27,688","29,154","30,693","32,993"
ITL3,TLI41,Hackney and Newham,"6,480","7,071","7,856","8,858","9,480","9,795","10,439","11,361","12,445","13,598","14,564","14,886","15,160","15,427","15,486","16,421","17,432","18,245","19,782","20,682","21,631","23,010","23,918","24,013","25,039","26,562","28,347"
ITL3,TLI42,Tower Hamlets,"13,519","13,698","14,419","15,361","15,846","15,881","16,481","17,310","18,302","19,231","20,322","20,669","20,648","20,930","20,806","21,843","22,532","23,376","25,160","26,303","26,737","27,951","28,649","28,440","28,901","29,613","31,111"
ITL3,TLI43,Haringey and Islington,"15,190","15,389","16,547","17,592","18,028","18,307","18,777","19,788","20,852","22,155","23,601","23,919","23,738","24,331","24,334","25,754","26,256","27,251","29,027","28,758","29,649","31,429","32,296","31,912","34,350","36,253","39,667"
ITL3,TLI44,Lewisham and Southwark,"9,888","10,242","11,043","11,929","12,326","12,604","13,298","14,140","15,122","16,105","17,169","17,476","17,615","18,246","18,363","19,409","20,263","21,427","22,859","23,412","24,453","25,987","26,703","26,633","28,246","29,889","32,138"
ITL3,TLI45,Lambeth,"11,200","11,474","12,442","13,476","13,793","14,068","14,633","15,485","16,398","17,489","18,761","19,083","19,211","19,868","19,926","20,954","21,879","22,959","25,784","27,010","26,944","28,716","29,543","29,540","31,181","32,953","35,607"
ITL2,TLI5,Outer London - East and North East,"10,945","11,171","11,655","12,338","13,109","13,329","13,883","14,440","14,897","15,270","16,173","16,543","16,531","16,752","16,727","17,647","18,175","18,703","19,894","20,384","20,795","21,868","22,280","22,318","23,207","24,718","26,796"
ITL3,TLI51,Bexley and Greenwich,"12,375","12,434","12,969","13,547","14,270","14,424","14,934","15,424","15,851","16,189","17,065","17,405","17,449","17,676","17,583","18,350","19,023","19,605","20,649","21,127","21,187","22,313","22,878","22,900","23,724","25,277","27,196"
ITL3,TLI52,Barking & Dagenham and Havering,"9,890","10,218","10,643","11,291","12,042","12,328","12,931","13,462","13,876","14,245","15,148","15,547","15,526","15,725","15,810","16,612","17,003","17,302","18,195","18,649","19,009","19,933","20,260","20,432","21,102","22,524","24,410"
ITL3,TLI53,Redbridge and Waltham Forest,"10,704","10,909","11,464","12,171","13,002","13,297","13,832","14,388","14,886","15,233","16,064","16,355","16,366","16,609","16,560","17,611","18,134","18,728","20,161","20,668","21,423","22,598","22,972","22,976","23,968","25,505","27,753"
ITL3,TLI54,Enfield,"10,591","10,967","11,346","12,191","12,961","13,057","13,634","14,320","14,810","15,280","16,350","16,864","16,749","16,956","16,922","18,019","18,524","19,181","20,599","21,146","21,604","22,633","22,997","22,938","24,075","25,633","27,981"
ITL2,TLI6,Outer London - South,"12,538","12,921","13,659","14,565","15,086","15,358","16,195","17,138","17,893","18,399","19,447","19,775","19,473","19,885","20,078","21,112","21,881","22,486","23,967","24,308","24,519","25,907","26,260","25,887","27,097","28,911","31,553"
ITL3,TLI61,Bromley,"13,351","13,913","14,610","15,538","16,115","16,322","17,263","18,310","19,123","19,651","20,716","20,946","20,597","21,005","21,325","22,481","23,305","24,238","25,829","26,066","26,243","27,666","27,961","27,414","28,925","31,237","34,399"
ITL3,TLI62,Croydon,"9,879","10,231","11,007","11,848","12,488","12,871","13,661","14,483","15,180","15,693","16,648","16,993","16,841","17,166","17,312","18,249","18,810","19,244","20,617","20,980","21,353","22,651","23,044","22,872","23,771","25,146","27,096"
ITL3,TLI63,"Merton, Kingston upon Thames and Sutton","13,820","14,124","14,835","15,768","16,171","16,409","17,220","18,187","18,944","19,428","20,533","20,917","20,547","21,033","21,204","22,230","23,101","23,637","25,119","25,506","25,629","27,054","27,424","27,020","28,271","30,107","32,944"
ITL2,TLI7,Outer London - West and North West,"12,868","13,297","14,042","14,902","15,503","15,844","16,629","17,209","18,014","18,565","19,607","20,106","19,946","20,257","20,238","21,441","22,440","23,256","25,062","25,253","25,463","26,677","26,927","26,367","27,883","29,709","32,340"
ITL3,TLI71,Barnet,"12,300","12,941","13,623","14,692","15,245","15,635","16,443","17,077","18,080","18,849","20,009","20,596","20,274","20,677","20,727","22,180","23,219","24,365","27,030","27,854","28,390","29,842","30,183","29,341","31,368","33,473","36,880"
ITL3,TLI72,Brent,"10,648","11,066","11,885","12,625","13,203","13,699","14,457","15,044","15,978","16,431","17,358","17,790","17,921","18,152","18,167","19,291","20,101","20,937","22,327","22,586","22,845","23,993","24,060","23,858","25,382","27,396","29,569"
ITL3,TLI73,Ealing,"12,672","12,966","13,663","14,375","14,980","15,300","16,098","16,641","17,330","17,850","18,835","19,347","19,279","19,718","19,800","20,898","21,910","23,003","24,597","24,620","24,231","25,087","25,448","25,186","26,257","28,014","30,437"
ITL3,TLI74,Harrow and Hillingdon,"11,072","11,619","12,370","13,153","13,876","14,251","15,015","15,579","16,277","16,671","17,670","18,132","17,933","18,264","18,257","19,286","20,173","20,690","22,143","22,586","22,876","23,722","23,841","23,463","24,445","26,032","28,182"
ITL3,TLI75,Hounslow and Richmond upon Thames,"17,088","17,335","18,084","19,098","19,616","19,786","20,571","21,113","21,874","22,529","23,660","24,196","23,954","24,126","23,949","25,290","26,515","27,192","29,198","28,661","28,937","30,701","31,067","30,029","32,094","33,931","37,016"
ITL1,TLJ,South East,"12,697","12,900","13,332","14,032","14,499","14,824","15,047","15,634","16,193","16,919","17,739","18,090","18,448","18,491","18,665","19,312","20,096","20,576","21,792","22,083","22,640","23,449","24,195","23,856","24,693","26,066","28,187"
ITL2,TLJ1,"Berkshire, Buckinghamshire and Oxfordshire","13,389","13,609","14,023","14,854","15,226","15,573","15,832","16,445","16,963","17,882","18,788","19,165","19,418","19,307","19,512","20,092","20,781","21,359","22,709","22,992","23,659","24,487","25,280","24,804","25,584","27,022","29,179"
ITL3,TLJ12,Milton Keynes,"11,118","11,276","11,641","12,184","12,541","13,182","13,609","14,336","14,816","15,316","16,120","16,486","16,556","16,795","16,877","17,132","17,293","17,786","18,836","19,164","19,830","20,566","20,919","20,937","21,291","22,648","24,164"
ITL3,TLJ13,Buckinghamshire,"14,543","14,848","15,424","16,232","16,959","17,196","17,326","18,097","18,743","20,049","20,937","21,384","21,844","21,743","21,847","22,351","23,100","23,863","25,468","26,077","26,671","27,320","28,176","27,479","28,701","30,237","32,856"
ITL3,TLJ14,Oxfordshire CC,"13,010","13,235","13,639","14,514","14,847","15,198","15,378","16,080","16,432","17,498","18,093","18,460","18,898","18,704","18,912","19,662","20,329","21,030","22,586","22,507","23,128","24,131","24,973","24,441","25,262","26,824","29,102"
ITL3,TLJ15,Berkshire East,"13,594","13,885","14,135","15,022","15,276","15,601","15,971","16,350","16,924","17,582","18,680","18,998","19,062","18,867","19,061","19,649","20,548","20,952","22,031","22,437","23,195","23,838","24,709","24,361","25,099","26,403","28,390"
ITL3,TLJ16,Berkshire West,"13,530","13,637","14,059","14,965","15,121","15,472","15,819","16,282","16,881","17,606","18,872","19,261","19,308","19,216","19,616","20,217","20,996","21,415","22,608","22,927","23,667","24,661","25,500","24,964","25,491","26,823","28,838"
ITL2,TLJ2,"Surrey, East and West Sussex","13,735","14,112","14,551","15,188","15,684","15,988","16,193","16,756","17,585","18,425","19,243","19,528","19,771","19,944","20,101","20,855","21,856","22,336","23,720","23,994","24,548","25,496","26,266","25,747","26,757","28,363","30,827"
ITL3,TLJ21,Brighton and Hove,"12,134","12,197","12,693","13,444","14,066","14,479","14,663","15,300","15,987","16,351","16,894","17,486","18,054","17,963","18,080","18,568","19,268","19,880","21,216","21,669","22,444","23,102","24,108","23,950","25,135","26,701","28,857"
ITL3,TLJ22,East Sussex CC,"11,563","11,743","12,165","12,725","13,301","13,527","13,785","14,108","14,711","15,244","16,431","16,844","17,199","17,749","17,589","18,091","19,091","19,357","20,468","20,907","21,075","21,734","22,470","22,397","23,253","24,536","26,614"
ITL3,TLJ25,West Surrey,"15,973","16,546","17,167","17,731","18,074","18,455","18,601","19,294","20,362","21,603","22,432","22,678","22,897","22,909","23,138","24,202","25,412","26,176","27,888","27,934","28,765","30,234","31,052","30,081","31,481","33,519","36,583"
ITL3,TLJ26,East Surrey,"15,515","16,220","16,711","17,325","17,637","18,037","18,222","18,865","20,019","21,377","22,264","22,413","22,295","22,351","22,514","23,600","24,657","25,091","26,913","27,099","27,682","28,625","29,540","28,781","29,581","31,077","33,721"
ITL3,TLJ27,West Sussex (South West),"11,194","11,672","11,881","12,614","13,336","13,563","13,817","14,340","15,023","15,641","16,259","16,506","16,870","17,180","17,466","18,078","18,926","19,258","20,466","20,761","21,228","21,912","22,357","22,256","23,096","24,602","26,685"
ITL3,TLJ28,West Sussex (North East),"14,550","14,604","14,834","15,586","16,115","16,340","16,584","17,174","17,791","18,310","18,914","19,059","19,160","19,254","19,571","20,076","20,962","21,288","22,204","22,655","23,139","24,001","24,762","24,011","24,726","26,161","28,411"
ITL2,TLJ3,Hampshire and Isle of Wight,"11,550","11,648","12,059","12,719","13,216","13,556","13,766","14,347","14,702","15,212","16,023","16,449","16,970","16,959","17,133","17,786","18,442","18,836","19,905","20,070","20,581","21,355","22,034","21,825","22,413","23,542","25,363"
ITL3,TLJ31,Portsmouth,"9,341","9,410","9,943","10,680","10,749","11,022","11,116","11,218","11,191","11,420","11,978","12,401","13,030","12,945","13,074","13,266","13,835","14,320","15,299","15,793","16,525","17,105","17,626","17,840","18,503","19,504","21,003"
ITL3,TLJ32,Southampton,"9,670","9,540","9,696","10,248","10,558","10,910","11,111","11,521","11,653","12,208","12,952","13,134","13,546","13,493","13,660","13,951","14,333","14,721","15,267","15,826","16,444","17,009","17,687","17,695","18,162","18,846","19,872"
ITL3,TLJ34,Isle of Wight,"9,698","9,873","10,164","10,560","11,340","11,559","11,708","12,213","12,819","13,320","13,964","14,281","15,089","15,349","15,513","15,690","16,132","16,202","16,742","16,964","17,275","17,955","18,644","18,892","19,639","20,788","22,568"
ITL3,TLJ35,South Hampshire,"10,512","10,645","11,121","11,623","12,260","12,748","13,007","13,619","14,024","14,467","15,235","15,647","16,314","16,315","16,542","17,339","18,018","18,543","19,369","19,384","19,623","20,395","21,041","20,860","21,129","22,312","24,042"
ITL3,TLJ36,Central Hampshire,"13,142","13,349","13,823","14,680","15,267","15,545","15,782","16,562","17,124","17,795","18,717","19,288","19,706","19,728","19,885","20,827","21,655","21,931","23,398","23,540","24,086","25,064","25,853","25,274","26,145","27,359","29,623"
ITL3,TLJ37,North Hampshire,"13,752","13,770","14,125","14,848","15,293","15,619","15,832","16,519","16,789","17,241","18,154","18,573","18,970","18,890","19,078","19,800","20,452","20,912","22,305","22,242","22,922","23,670","24,247","23,928","24,349","25,641","27,636"
ITL2,TLJ4,Kent,"11,392","11,410","11,867","12,541","13,060","13,380","13,606","14,208","14,622","15,147","15,858","16,201","16,698","16,796","16,959","17,512","18,208","18,650","19,572","20,038","20,504","21,106","21,818","21,805","22,703","23,885","25,743"
ITL3,TLJ41,Medway,"10,743","10,488","10,940","11,415","11,920","12,266","12,491","13,073","13,474","13,899","14,586","14,897","15,424","15,477","15,659","15,939","16,195","16,529","17,373","17,851","18,235","18,784","19,422","19,676","20,394","21,493","23,074"
ITL3,TLJ43,Kent Thames Gateway,"10,504","10,579","11,063","11,613","12,091","12,539","12,793","13,277","13,595","14,081","14,768","15,052","15,518","15,637","15,791","16,272","16,738","17,226","18,009","18,664","19,215","19,713","20,380","20,430","21,154","22,216","23,827"
ITL3,TLJ44,East Kent,"8,870","9,080","9,589","10,174","10,776","11,181","11,447","11,972","12,419","12,917","13,586","14,030","14,739","14,914","15,131","15,743","16,326","16,798","17,548","18,044","18,538","19,028","19,730","20,070","20,843","21,776","23,427"
ITL3,TLJ45,Mid Kent,"12,520","12,570","13,015","13,793","14,287","14,470","14,674","15,293","15,647","16,110","16,815","17,050","17,463","17,566","17,620","18,210","18,927","19,299","19,874","20,465","20,784","21,340","21,996","21,952","22,702","24,036","25,811"
ITL3,TLJ46,West Kent,"15,524","15,396","15,765","16,771","17,234","17,400","17,578","18,411","18,910","19,605","20,408","20,755","20,999","20,997","21,161","21,885","23,308","23,816","25,484","25,615","26,134","27,071","27,943","27,176","28,675","30,285","32,988"
ITL1,TLK,South West,"10,959","11,173","11,566","12,001","12,463","12,657","12,977","13,434","13,946","14,652","15,176","15,656","15,745","16,103","16,351","16,716","17,329","17,906","18,704","18,862","19,277","20,007","20,725","20,774","21,484","22,744","24,854"
ITL2,TLK3,Cornwall and Isles of Scilly,"9,641","9,863","10,018","10,472","11,041","11,422","11,634","12,001","12,437","13,052","13,588","13,939","14,176","14,679","14,965","15,276","15,665","16,059","16,606","16,986","17,647","18,209","18,849","19,284","20,143","21,281","23,216"
ITL3,TLK30,Cornwall and Isles of Scilly,"9,641","9,863","10,018","10,472","11,041","11,422","11,634","12,001","12,437","13,052","13,588","13,939","14,176","14,679","14,965","15,276","15,665","16,059","16,606","16,986","17,647","18,209","18,849","19,284","20,143","21,281","23,216"
ITL2,TLK4,Devon,"10,326","10,479","10,820","11,124","11,549","11,790","12,101","12,545","13,042","13,671","14,136","14,745","15,122","15,354","15,445","15,858","16,424","16,869","17,547","17,678","18,073","18,673","19,319","19,540","20,189","21,338","23,333"
ITL3,TLK41,Plymouth,"9,181","9,423","9,670","10,138","10,444","10,584","11,009","11,406","11,651","12,041","12,508","12,966","13,298","13,818","14,003","14,128","14,470","14,836","15,225","15,405","15,981","16,401","17,013","17,237","17,871","18,670","20,223"
ITL3,TLK42,Torbay,"9,925","10,008","10,452","11,082","11,107","11,198","11,643","12,063","12,741","13,261","13,541","14,203","14,452","14,825","14,999","15,330","15,842","16,411","16,720","16,942","17,177","17,649","18,125","18,681","19,189","20,384","22,335"
ITL3,TLK43,Devon CC,"10,813","10,938","11,289","11,471","12,007","12,312","12,558","13,020","13,571","14,302","14,799","15,449","15,865","15,973","16,018","16,544","17,198","17,651","18,490","18,584","18,939","19,616","20,294","20,450","21,114","22,362","24,503"
ITL2,TLK5,West of England,"11,146","11,393","11,872","12,271","12,614","12,839","13,118","13,517","13,906","14,664","15,255","15,794","15,720","16,071","16,361","16,750","17,371","18,027","19,125","19,359","19,817","20,687","21,369","21,178","22,045","23,444","25,446"
ITL3,TLK51,"Bristol, City of","10,429","10,531","10,987","11,576","12,100","12,348","12,518","12,968","13,153","13,795","14,380","14,821","14,796","15,242","15,518","15,786","16,294","16,909","17,729","18,197","18,883","19,518","20,442","20,455","21,370","22,741","24,696"
ITL3,TLK52,Bath & North East Somerset and South Gloucestershire,"11,842","12,223","12,718","12,927","13,096","13,297","13,677","14,032","14,625","15,497","16,094","16,729","16,614","16,875","17,184","17,694","18,428","19,131","20,512","20,517","20,747","21,846","22,286","21,890","22,704","24,129","26,172"
ITL2,TLK6,"North Somerset, Somerset and Dorset","11,345","11,642","12,055","12,442","12,904","13,052","13,456","13,939","14,437","15,232","15,777","16,224","16,122","16,621","16,950","17,271","17,853","18,399","19,242","19,299","19,680","20,419","21,200","21,287","21,999","23,251","25,497"
ITL3,TLK61,North Somerset,"12,276","12,563","13,207","13,413","13,585","13,764","14,055","14,456","14,880","15,710","16,230","16,904","16,974","17,246","17,675","18,102","18,823","19,382","20,706","20,729","20,971","21,606","22,207","22,295","22,980","24,489","26,970"
ITL3,TLK62,Somerset,"10,781","11,100","11,399","11,688","12,242","12,400","12,763","13,314","13,800","14,523","15,075","15,545","15,551","16,116","16,376","16,585","17,017","17,627","18,278","18,315","18,777","19,501","20,246","20,396","21,068","22,256","24,547"
ITL3,TLK63,"Bournemouth, Christchurch and Poole","11,488","11,692","12,219","12,826","13,309","13,364","13,788","14,362","14,907","15,632","16,235","16,497","16,169","16,566","16,810","17,130","17,790","18,173","19,149","19,209","19,602","20,353","21,257","21,216","22,008","23,271","25,259"
ITL3,TLK64,Dorset,"11,500","11,863","12,200","12,607","13,079","13,292","13,797","14,142","14,650","15,595","16,084","16,556","16,429","17,063","17,526","17,957","18,604","19,222","19,938","20,045","20,372","21,185","21,991","22,123","22,830","24,020","26,336"
ITL2,TLK7,Gloucestershire and Wiltshire,"11,513","11,657","12,119","12,751","13,284","13,387","13,693","14,206","14,866","15,537","16,033","16,443","16,541","16,787","17,033","17,411","18,189","18,935","19,683","19,829","20,173","20,977","21,744","21,605","22,204","23,524","25,724"
ITL3,TLK71,Swindon,"11,212","11,507","12,089","12,691","13,316","13,583","13,848","14,110","14,375","14,977","15,358","15,583","15,938","15,787","15,956","16,185","16,591","17,117","17,614","17,915","18,224","18,787","19,445","19,535","19,811","20,696","22,214"
ITL3,TLK72,Wiltshire,"11,641","11,700","12,129","12,903","13,410","13,573","14,059","14,494","15,006","15,659","16,218","16,585","16,576","16,886","17,281","17,600","18,491","19,130","19,968","20,116","20,706","21,745","22,620","22,277","22,865","24,239","26,527"
ITL3,TLK73,Gloucestershire CC,"11,511","11,672","12,121","12,654","13,178","13,180","13,359","14,012","14,918","15,627","16,116","16,626","16,721","17,056","17,214","17,695","18,520","19,431","20,200","20,291","20,457","21,168","21,889","21,826","22,544","23,980","26,362"
ITL1,TLL,Wales,"9,251","9,297","9,721","10,281","10,707","11,049","11,394","11,845","12,141","12,526","12,885","13,423","13,440","13,642","13,865","14,290","14,608","15,086","15,585","15,711","16,268","16,893","17,356","17,598","18,150","18,858","20,140"
ITL2,TLL3,North Wales,"9,661","9,706","10,035","10,597","10,991","11,342","11,719","12,239","12,574","12,843","13,134","13,626","13,649","13,918","14,258","14,702","15,101","15,618","16,176","16,310","16,804","17,315","17,671","17,886","18,428","19,275","20,670"
ITL3,TLL31,Isle of Anglesey,"9,510","9,699","9,922","10,428","10,633","10,765","11,288","11,960","12,160","12,209","12,775","13,548","13,794","14,034","14,200","14,747","15,274","15,546","16,080","16,149","16,493","17,146","17,389","17,647","18,457","19,444","20,572"
ITL3,TLL32,Gwynedd,"8,730","8,777","9,214","9,446","10,045","10,413","10,810","11,399","11,686","12,343","12,424","12,575","12,841","13,010","13,138","13,424","13,897","14,550","15,077","15,198","15,574","15,838","16,380","16,813","17,479","18,167","19,362"
ITL3,TLL33,Conwy and Denbighshire,"10,219","10,264","10,478","10,846","11,311","11,778","12,052","12,470","13,003","13,159","13,472","14,097","14,062","14,300","14,685","15,196","15,490","15,900","16,320","16,371","16,923","17,627","17,956","18,181","18,742","19,455","20,889"
ITL3,TLL34,Flintshire and Wrexham,"9,695","9,699","10,090","10,944","11,243","11,555","11,964","12,495","12,737","12,979","13,275","13,743","13,652","13,996","14,435","14,871","15,279","15,873","16,549","16,761","17,294","17,731","18,055","18,164","18,577","19,553","21,068"
ITL2,TLL4,Mid and South West Wales,"9,333","9,401","9,767","10,101","10,596","10,925","11,227","11,666","12,011","12,520","12,778","13,478","13,594","13,742","13,891","14,338","14,589","15,095","15,479","15,534","16,135","16,667","17,158","17,477","17,973","18,519","19,756"
ITL3,TLL41,Mid Wales,"9,263","9,209","9,558","10,012","10,393","10,757","11,123","11,710","12,119","12,721","12,843","13,510","13,764","14,217","14,311","14,605","14,799","15,189","15,611","15,758","16,796","17,546","17,939","18,293","18,980","19,478","20,773"
ITL3,TLL42,South West Wales,"9,222","9,343","9,625","9,680","10,140","10,628","10,990","11,421","12,060","12,726","12,898","13,508","13,644","13,859","14,175","14,747","14,998","15,422","15,777","15,852","16,219","16,731","17,150","17,382","17,908","18,620","19,979"
ITL3,TLL43,Swansea,"9,481","9,568","10,062","10,386","11,114","11,408","11,607","11,958","12,005","12,312","12,593","13,588","13,629","13,387","13,441","13,852","13,986","14,749","15,132","15,131","15,670","16,347","16,945","17,306","17,739","18,128","19,152"
ITL3,TLL44,Neath Port Talbot,"9,420","9,524","9,879","10,653","11,013","11,005","11,259","11,641","11,750","12,124","12,731","13,179","13,174","13,383","13,409","13,873","14,408","14,827","15,228","15,199","15,780","15,804","16,419","16,806","17,062","17,578","18,827"
ITL2,TLL5,South East Wales,"9,009","9,043","9,546","10,240","10,638","10,986","11,342","11,767","12,016","12,380","12,833","13,294","13,249","13,452","13,666","14,071","14,392","14,835","15,376","15,541","16,101","16,835","17,329","17,540","18,128","18,870","20,129"
ITL3,TLL51,Central Valleys and Bridgend,"8,237","8,156","8,506","9,233","9,735","10,062","10,373","10,900","11,253","11,556","11,936","12,366","12,391","12,558","12,714","13,159","13,568","13,943","14,382","14,462","15,010","15,631","16,044","16,423","16,864","17,606","18,885"
ITL3,TLL52,Cardiff and Vale of Glamorgan,"9,889","10,086","10,588","11,140","11,505","11,955","12,327","12,719","12,913","13,499","13,804","14,350","14,435","14,633","14,842","15,077","15,362","15,813","16,458","16,510","17,255","18,256","18,785","18,806","19,646","20,160","21,179"
ITL3,TLL53,Gwent Valleys,"8,449","8,461","8,983","9,705","9,977","10,127","10,599","11,034","11,132","11,210","11,672","11,995","11,967","12,190","12,404","12,907","13,296","13,618","14,133","14,482","14,884","15,398","15,894","16,279","16,637","17,539","18,934"
ITL3,TLL54,Monmouthshire and Newport,"9,635","9,587","10,346","11,186","11,641","12,104","12,339","12,608","12,971","13,429","14,278","14,805","14,329","14,559","14,870","15,383","15,505","16,225","16,772","17,037","17,455","18,143","18,699","18,718","19,360","20,267","21,733"
ITL1,TLM,Scotland,"9,560","9,782","10,151","10,740","11,278","11,668","12,066","12,648","13,078","13,692","14,399","15,005","15,198","15,408","15,699","16,190","16,774","17,189","17,715","17,856","18,185","18,619","19,361","19,345","20,000","21,133","22,908"
ITL2,TLM0,Eastern Scotland,"9,514","9,778","10,032","10,568","11,140","11,447","11,799","12,540","12,805","13,220","14,009","14,620","14,714","14,811","15,188","15,599","16,249","16,615","17,174","17,412","17,767","18,089","18,743","18,748","19,300","20,547","22,361"
ITL3,TLM01,Clackmannanshire and Fife,"8,918","9,234","9,572","10,046","10,483","10,928","11,289","11,881","12,178","12,268","13,216","13,853","14,041","14,257","14,452","14,862","15,508","15,847","16,503","16,788","17,186","17,456","18,067","18,158","18,561","19,976","21,867"
ITL3,TLM02,"Perth and Kinross, and Stirling","11,053","11,300","11,281","11,797","12,529","12,436","12,996","14,295","14,645","15,644","16,153","16,374","16,418","16,508","17,297","17,729","18,291","18,629","19,228","19,429","19,933","20,288","21,069","20,905","21,737","23,098","25,169"
ITL3,TLM03,Angus and Dundee City,"9,132","9,318","9,669","10,314","10,961","11,399","11,550","12,034","12,172","12,580","13,357","14,267","14,254","14,162","14,455","14,845","15,585","16,014","16,376","16,564","16,713","17,086","17,694","17,714","18,240","19,101","20,546"
ITL2,TLM1,East Central Scotland,"10,429","10,726","11,322","11,927","12,520","12,967","13,546","14,160","14,591","15,381","16,011","16,377","16,410","16,650","17,078","17,722","18,293","18,749","19,358","19,662","20,165","20,814","21,734","21,636","22,644","24,017","25,964"
ITL3,TLM11,East Lothian and Midlothian,"9,844","10,061","10,565","11,009","11,283","11,596","12,531","13,563","14,152","14,688","15,294","15,893","16,077","16,738","17,027","17,355","18,220","18,695","19,116","19,079","19,019","19,640","20,727","20,878","21,705","22,602","24,751"
ITL3,TLM12,Falkirk,"8,578","8,728","9,352","9,653","10,337","10,629","11,125","11,606","11,939","12,685","13,410","13,934","13,798","13,721","14,196","14,789","15,209","15,457","15,822","16,508","17,054","17,513","18,182","18,309","18,733","19,810","21,537"
ITL3,TLM13,City of Edinburgh,"11,981","12,362","12,974","13,660","14,350","14,879","15,388","16,015","16,503","17,447","17,862","18,233","18,349","18,482","19,043","19,884","20,371","20,862","21,591","21,904","22,570","23,420","24,445","24,055","25,514","27,091","29,109"
ITL3,TLM14,West Lothian,"8,266","8,569","9,217","10,074","10,682","11,233","11,750","12,048","12,255","12,952","14,109","14,100","13,896","14,223","14,343","14,807","15,409","15,927","16,592","16,868","17,469","17,722","18,351","18,583","19,124","20,613","22,233"
ITL2,TLM2,Highlands and Islands,"8,719","8,907","9,159","9,625","10,139","10,540","10,829","11,216","11,599","12,495","13,182","14,598","15,022","15,383","15,329","15,942","16,436","16,676","17,336","17,558","17,958","18,732","19,470","19,386","19,932","21,148",[u]
ITL3,TLM20,Highlands and Islands,"8,719","8,907","9,159","9,625","10,139","10,540","10,829","11,216","11,599","12,495","13,182","14,598","15,022","15,383","15,329","15,942","16,436","16,676","17,336","17,558","17,958","18,732","19,470","19,386","19,932","21,148",[u]
ITL2,TLM3,West Central Scotland,"9,208","9,392","9,927","10,566","11,074","11,383","11,754","12,141","12,514","13,058","13,716","14,205","14,381","14,418","14,566","14,967","15,377","15,864","16,431","16,736","16,993","17,295","17,959","18,082","18,704","19,650","21,194"
ITL3,TLM31,East Dunbartonshire and West Dunbartonshire,"9,183","9,461","10,640","11,372","11,765","12,168","12,537","12,965","13,440","14,163","14,695","15,414","15,588","15,855","16,108","16,464","16,804","17,060","17,828","18,123","18,875","19,560","20,170","19,975","20,831","21,920","23,882"
ITL3,TLM32,Glasgow City,"8,938","9,114","9,594","10,192","10,653","11,042","11,503","11,878","12,117","12,705","13,411","13,650","13,901","13,847","13,948","14,379","14,670","15,182","15,630","16,058","16,243","16,397","17,093","17,407","18,152","18,881","20,006"
ITL3,TLM33,"Inverclyde, East Renfrewshire, and Renfrewshire","10,192","10,375","10,783","11,490","12,196","12,275","12,566","12,965","13,508","14,096","14,641","15,385","15,523","15,508","15,639","16,033","16,651","17,009","17,884","17,909","18,129","18,459","19,170","19,140","19,731","20,884","22,873"
ITL3,TLM34,North Lanarkshire,"8,649","8,789","9,156","9,732","10,188","10,549","10,853","11,229","11,599","11,921","12,703","13,233","13,331","13,459","13,658","14,035","14,477","15,182","15,527","15,915","16,045","16,370","16,966","17,093","17,389","18,434","20,049"
ITL2,TLM5,North Eastern Scotland,"10,897","11,069","10,977","11,684","12,355","12,737","13,046","14,067","15,010","15,789","16,765","17,576","17,959","18,308","19,098","19,837","21,064","21,546","21,495","20,463","20,579","20,952","21,621","20,961","21,319","22,277","23,924"
ITL3,TLM50,Aberdeen City and Aberdeenshire,"10,897","11,069","10,977","11,684","12,355","12,737","13,046","14,067","15,010","15,789","16,765","17,576","17,959","18,308","19,098","19,837","21,064","21,546","21,495","20,463","20,579","20,952","21,621","20,961","21,319","22,277","23,924"
ITL2,TLM9,Southern Scotland,"9,090","9,295","9,553","10,096","10,538","11,072","11,478","12,066","12,512","13,009","13,657","14,154","14,407","14,792","14,992","15,336","15,835","16,174","16,722","16,902","17,201","17,570","18,357","18,544","19,170","20,256",[u]
ITL3,TLM91,Scottish Borders,"9,385","9,784","9,943","10,542","10,978","11,471","12,331","12,946","13,551","14,237","14,692","15,294","15,636","15,995","16,228","16,245","16,881","17,569","18,050","18,258","18,482","18,810","19,701","19,910","20,309","21,560","23,765"
ITL3,TLM92,Dumfries and Galloway,"9,136","9,344","9,518","9,912","10,225","10,651","11,122","11,619","11,729","12,418","13,197","13,947","14,420","14,712","14,818","15,284","15,724","16,224","16,856","17,216","17,478","17,788","18,538","18,819","19,531","20,548","22,534"
ITL3,TLM93,North Ayrshire and East Ayrshire,"8,266","8,361","8,503","9,090","9,739","10,241","10,595","11,197","11,590","12,044","12,707","12,975","13,190","13,709","13,765","14,086","14,724","15,038","15,565","15,677","15,853","16,193","16,929","17,070","17,566","18,716",[u]
ITL3,TLM94,South Ayrshire,"9,364","9,513","9,996","10,430","11,091","11,442","12,142","12,817","13,217","13,904","14,290","14,897","15,191","15,632","15,952","16,510","17,058","17,389","17,602","17,824","17,724","18,117","18,681","18,831","19,890","20,959","22,804"
ITL3,TLM95,South Lanarkshire,"9,546","9,795","10,142","10,737","10,990","11,683","11,828","12,404","13,015","13,312","14,049","14,530","14,661","14,971","15,276","15,622","15,964","16,118","16,785","16,907","17,482","17,901","18,779","18,963","19,575","20,588","22,339"
ITL1,TLN,Northern Ireland,"8,563","8,583","8,913","9,380","9,642","10,166","10,646","11,243","11,816","12,404","12,658","12,870","13,039","13,225","13,516","13,745","14,304","14,757","15,245","15,476","15,861","16,215","16,795","16,971","17,807","18,903","20,403"
ITL2,TLN0,Northern Ireland,"8,563","8,583","8,913","9,380","9,642","10,166","10,646","11,243","11,816","12,404","12,658","12,870","13,039","13,225","13,516","13,745","14,304","14,757","15,245","15,476","15,861","16,215","16,795","16,971","17,807","18,903","20,403"
ITL3,TLN06,Belfast,"9,678","9,760","10,053","10,546","10,839","11,247","11,399","11,766","12,050","12,547","12,683","13,278","13,557","13,676","13,835","14,089","14,589","14,774","15,051","15,144","15,521","16,005","16,554","16,583","17,530","18,451","19,671"
ITL3,TLN07,"Armagh City, Banbridge and Craigavon","8,462","8,498","8,820","9,066","9,325","9,871","10,409","11,133","11,701","12,473","12,836","12,960","13,011","13,257","13,488","13,515","14,192","14,971","15,382","15,180","15,417","15,781","16,271","16,493","17,449","18,485","20,019"
ITL3,TLN08,"Newry, Mourne and Down","8,290","8,350","8,659","9,061","9,225","9,721","10,351","10,989","11,736","12,446","12,600","12,692","12,790","12,935","13,309","13,404","13,912","14,307","14,421","14,766","15,299","15,747","16,243","16,566","17,275","18,426","19,898"
ITL3,TLN09,Ards and North Down,"9,346","9,359","9,688","10,236","10,513","11,081","11,455","11,950","12,478","13,075","13,480","13,840","13,992","14,163","14,487","14,775","15,470","15,701","16,098","16,631","17,244","17,544","18,333","18,385","19,211","20,496","22,307"
ITL3,TLN0A,Derry City and Strabane,"6,927","6,919","7,279","7,595","7,985","8,713","9,339","10,085","10,948","11,473","11,625","11,585","11,809","12,218","12,552","12,805","13,280","13,720","13,872","14,038","14,373","14,551","15,315","15,707","16,756","17,651","18,847"
ITL3,TLN0B,Mid Ulster,"7,595","7,611","7,984","8,381","8,566","8,979","9,775","10,598","11,253","11,870","12,008","11,898","11,970","12,145","12,483","12,575","13,057","13,733","14,296","14,818","15,817","16,203","16,741","16,945","17,633","18,791","20,511"
ITL3,TLN0C,Causeway Coast and Glens,"6,947","6,904","7,259","7,648","8,146","8,886","9,342","9,946","10,816","11,379","11,408","11,279","11,691","12,071","12,554","12,762","13,273","13,790","14,903","15,555","15,805","15,890","16,493","16,854","17,937","19,237","20,861"
ITL3,TLN0D,Antrim and Newtownabbey,"9,156","9,145","9,489","10,178","10,393","10,932","11,371","11,938","12,384","12,898","13,402","13,735","13,836","13,898","14,263","14,603","15,190","15,700","15,951","15,806","16,263","16,527","17,188","17,282","17,911","19,070","20,519"
ITL3,TLN0E,Lisburn and Castlereagh,"9,218","9,186","9,569","10,373","10,671","11,170","11,686","12,229","12,750","13,162","13,662","13,996","14,085","14,183","14,389","14,924","15,688","16,116","17,268","17,617","17,685","18,188","18,858","18,801","19,470","20,672","22,529"
ITL3,TLN0F,Mid and East Antrim,"9,092","9,123","9,423","10,041","10,070","10,647","11,138","11,735","12,228","12,883","13,305","13,617","13,771","13,882","14,153","14,499","15,119","15,832","16,437","16,591","16,425","16,828","17,074","17,155","17,901","18,957","20,491"
ITL3,TLN0G,Fermanagh and Omagh,"7,531","7,552","7,937","8,220","8,501","8,909","9,730","10,550","11,281","11,936","12,066","12,004","12,111","12,301","12,598","12,761","13,082","13,453","14,285","14,715","15,259","15,489","16,125","16,553","17,212","18,370","19,752"